id,episode_number,episode_airing_order,title,air_date,canonical_url,content_rating,description,duration,image,publish_date,views,imdb_url,season_id,season_number,season_title,series_id,series_title
52f3d0c4-47c8-4896-803d-c34a89edea05,21111,111,"May 18, 2016 - Jason Sudeikis",1463626800,http://www.cc.com/full-episodes/0vfbbb/the-daily-show-with-trevor-noah-may-18--2016---jason-sudeikis-season-21-ep-21111,general audience,"Donald Trump and Megyn Kelly bury the hatchet, Hasan Minhaj sits down with Canadian Prime Minister Justin Trudeau, and Jason Sudeikis chats about ""The Angry Birds Movie.""",1289,http://1.images.comedycentral.com/images/shows/tds/videos/season_21/21111/ds_21_111.jpg,1463626800,"25,366",,14a0c915-02b6-4dbe-8053-873c1f417447,21,21: The Daily Show with Trevor Noah,7c2d44b4-c8b1-43a9-9bfc-32af988eab20,The Daily Show with Trevor Noah
22132176-7360-4451-82d6-920ee1f8353c,21110,110,"May 17, 2016 - Dahlia Lithwick",1463540400,http://www.cc.com/full-episodes/nmv73s/the-daily-show-with-trevor-noah-may-17--2016---dahlia-lithwick-season-21-ep-21110,general audience,"The Supreme Court refuses to rule on a pivotal contraception case, Hasan Minhaj reports on Canadians taking in Syrian refugees, and Dahlia Lithwick discusses SCOTUS's future.",1289,http://1.images.comedycentral.com/images/shows/tds/videos/season_21/21110/ds_21_110.jpg,1463540400,"74,955",,14a0c915-02b6-4dbe-8053-873c1f417447,21,21: The Daily Show with Trevor Noah,7c2d44b4-c8b1-43a9-9bfc-32af988eab20,The Daily Show with Trevor Noah
84c97678-b0b9-4637-b6de-6ccb4c8362f8,21109,109,"May 16, 2016 - Anthony Anderson",1463454000,http://www.cc.com/full-episodes/1uquiu/the-daily-show-with-trevor-noah-may-16--2016---anthony-anderson-season-21-ep-21109,general audience,"Donald Trump is caught posing as his own fake publicist, Eliza Cossio examines the GOP's chance of winning the Latino vote, and Anthony Anderson discusses ""Black-ish.""",1290,http://1.images.comedycentral.com/images/shows/tds/videos/season_21/21109/ds_21_109.jpg,1463454000,"102,100",,14a0c915-02b6-4dbe-8053-873c1f417447,21,21: The Daily Show with Trevor Noah,7c2d44b4-c8b1-43a9-9bfc-32af988eab20,The Daily Show with Trevor Noah
9cca82f4-0ba4-4a9e-a162-a6c10e88854f,21108,108,"May 12, 2016 - B.J. Novak",1463108400,http://www.cc.com/full-episodes/78b0hg/the-daily-show-with-trevor-noah-may-12--2016---b-j--novak-season-21-ep-21108,general audience,"Donald Trump refuses to release his tax returns, Latino immigrants fast-track their paths to citizenship ahead of the election, and B.J. Novak discusses The List App.",1290,http://1.images.comedycentral.com/images/shows/tds/videos/season_21/21108/ds_21_108.jpg,1463108400,"145,047",,14a0c915-02b6-4dbe-8053-873c1f417447,21,21: The Daily Show with Trevor Noah,7c2d44b4-c8b1-43a9-9bfc-32af988eab20,The Daily Show with Trevor Noah
8657e913-dccf-4d8a-80e6-5775706c3374,21107,107,"May 11, 2016 - Nate Silver",1463022000,http://www.cc.com/full-episodes/d3n5ym/the-daily-show-with-trevor-noah-may-11--2016---nate-silver-season-21-ep-21107,general audience,"Queen Elizabeth II calls out Chinese officials for being rude, Bernie Sanders wins the West Virginia Democratic primary, and Nate Silver discusses the presidential election.",1290,http://1.images.comedycentral.com/images/shows/tds/videos/season_21/21107/comedycentral_thedailyshow_21_107.jpg,1463022000,"137,458",,14a0c915-02b6-4dbe-8053-873c1f417447,21,21: The Daily Show with Trevor Noah,7c2d44b4-c8b1-43a9-9bfc-32af988eab20,The Daily Show with Trevor Noah
6b5e6e1b-cd63-4753-ba15-cd7023cda6ae,21106,106,"May 10, 2016 - Joe Morton",1462935600,http://www.cc.com/full-episodes/gq09io/the-daily-show-with-trevor-noah-may-10--2016---joe-morton-season-21-ep-21106,general audience,"The federal government files a lawsuit against North Carolina's transphobic bill, Michelle Wolf imagines a Donald Trump presidency, and Joe Morton discusses ""Turn Me Loose.""",1289,http://1.images.comedycentral.com/images/shows/tds/videos/season_21/21106/ds_21_106.jpg,1462935600,"133,678",,14a0c915-02b6-4dbe-8053-873c1f417447,21,21: The Daily Show with Trevor Noah,7c2d44b4-c8b1-43a9-9bfc-32af988eab20,The Daily Show with Trevor Noah
465cfd8c-9419-4bee-965e-6751545e1b81,21105,105,"May 9, 2016 - Sherman Alexie",1462849200,http://www.cc.com/full-episodes/e6jsum/the-daily-show-with-trevor-noah-may-9--2016---sherman-alexie-season-21-ep-21105,general audience,"The GOP comes to terms with Donald Trump's imminent presidential nomination, Desi Lydic weighs in on modern motherhood, and Sherman Alexie discusses his book ""Thunder Boy Jr.""",1291,http://1.images.comedycentral.com/images/shows/tds/videos/season_21/21105/ds_21_105.jpg,1462849200,"67,328",,14a0c915-02b6-4dbe-8053-873c1f417447,21,21: The Daily Show with Trevor Noah,7c2d44b4-c8b1-43a9-9bfc-32af988eab20,The Daily Show with Trevor Noah
71418241-0952-42b4-a376-59a036efb32c,21104,104,"May 5, 2016 - The Heavy",1462503600,http://www.cc.com/full-episodes/6kvdej/the-daily-show-with-trevor-noah-may-5--2016---the-heavy-season-21-ep-21104,general audience,"Donald Trump panders to Hispanic voters, Ronny Chieng reports on Americans' selfie obsession, and The Heavy performs songs from their album ""Hurt & the Merciless.""",1291,http://1.images.comedycentral.com/images/shows/tds/videos/season_21/21104/ds_21_104.jpg,1462503600,"163,704",,14a0c915-02b6-4dbe-8053-873c1f417447,21,21: The Daily Show with Trevor Noah,7c2d44b4-c8b1-43a9-9bfc-32af988eab20,The Daily Show with Trevor Noah
e4c9d086-5055-4634-b6cc-3b5e6cf3fe34,21103,103,"May 4, 2016 - Bethany Cosentino",1462417200,http://www.cc.com/full-episodes/uhvuk4/the-daily-show-with-trevor-noah-may-4--2016---bethany-cosentino-season-21-ep-21103,general audience,"Donald Trump becomes the presumptive GOP nominee, Hasan Minhaj investigates professional soccer's gender wage gap, and Bethany Cosentino fights sexism in the music industry.",1289,http://1.images.comedycentral.com/images/shows/tds/videos/season_21/21103/ds_21_103.jpg,1462417200,"134,667",,14a0c915-02b6-4dbe-8053-873c1f417447,21,21: The Daily Show with Trevor Noah,7c2d44b4-c8b1-43a9-9bfc-32af988eab20,The Daily Show with Trevor Noah
46f30d3d-210c-4440-83ee-68be66f32c1c,21102,102,"May 3, 2016 - Josh King",1462330800,http://www.cc.com/full-episodes/6vphad/the-daily-show-with-trevor-noah-may-3--2016---josh-king-season-21-ep-21102,general audience,"Starbucks faces a lawsuit over its excessive use of ice, Donald Trump links Ted Cruz's father to Lee Harvey Oswald, and Josh King discusses his book ""Off Script.""",1290,http://1.images.comedycentral.com/images/shows/tds/videos/season_21/21102/ds_21_102.jpg,1462330800,"80,387",,14a0c915-02b6-4dbe-8053-873c1f417447,21,21: The Daily Show with Trevor Noah,7c2d44b4-c8b1-43a9-9bfc-32af988eab20,The Daily Show with Trevor Noah
113bd17a-93af-4460-9255-dac3efbfe22e,21101,101,"May 2, 2016 - Nikolaj Coster-Waldau",1462244400,http://www.cc.com/full-episodes/6x6tj8/the-daily-show-with-trevor-noah-may-2--2016---nikolaj-coster-waldau-season-21-ep-21101,general audience,"Donald Trump surrounds himself with unusual supporters, Ronny Chieng investigates contested conventions, and Trevor chats with ""Game of Thrones"" star Nikolaj Coster-Waldau.",1287,http://1.images.comedycentral.com/images/shows/tds/videos/season_21/21101/ds_21_101.jpg,1462244400,"68,168",,14a0c915-02b6-4dbe-8053-873c1f417447,21,21: The Daily Show with Trevor Noah,7c2d44b4-c8b1-43a9-9bfc-32af988eab20,The Daily Show with Trevor Noah
2a2e64af-554f-47fe-bd0b-6dad5f7441e9,21100,100,"April 28, 2016 - Ricky Gervais",1461898800,http://www.cc.com/full-episodes/z8qshg/the-daily-show-with-trevor-noah-april-28--2016---ricky-gervais-season-21-ep-21100,general audience,"John Boehner rips into fellow Republican Ted Cruz, Black Trump (Roy Wood Jr.) debuts his rap video, and Ricky Gervais chats about his movie ""Special Correspondents.""",1289,http://1.images.comedycentral.com/images/shows/tds/videos/season_21/21100/ds_21_100.jpg,1461898800,"53,256",,14a0c915-02b6-4dbe-8053-873c1f417447,21,21: The Daily Show with Trevor Noah,7c2d44b4-c8b1-43a9-9bfc-32af988eab20,The Daily Show with Trevor Noah
d6ec9586-81b9-46fd-8acc-31c6c7441696,21099,99,"April 27, 2016 - McKay Coppins",1461812400,http://www.cc.com/full-episodes/alnkzd/the-daily-show-with-trevor-noah-april-27--2016---mckay-coppins-season-21-ep-21099,general audience,"Donald Trump fires off sexist remarks at Hillary Clinton, Lewis Black auditions for a morning talk show, and BuzzFeed News's McKay Coppins discusses his book ""The Wilderness.""",1288,http://1.images.comedycentral.com/images/shows/tds/videos/season_21/21099/ds_21_099.jpg,1461812400,"27,170",,14a0c915-02b6-4dbe-8053-873c1f417447,21,21: The Daily Show with Trevor Noah,7c2d44b4-c8b1-43a9-9bfc-32af988eab20,The Daily Show with Trevor Noah
faaec1f0-826f-486b-86dd-51d4eaf95e50,21098,98,"April 26, 2016 - Jordan Peele and Keegan-Michael Key",1461726000,http://www.cc.com/full-episodes/fn2r2a/the-daily-show-with-trevor-noah-april-26--2016---jordan-peele-and-keegan-michael-key-season-21-ep-21098,general audience,"Virginia grants voting rights to its previously incarcerated citizens, New York repeals its sales tax on tampons, and Jordan Peele and Keegan-Michael Key chat about ""Keanu.""",1289,http://1.images.comedycentral.com/images/shows/tds/videos/season_21/21098/ds_21_098.jpg,1461726000,"52,292",,14a0c915-02b6-4dbe-8053-873c1f417447,21,21: The Daily Show with Trevor Noah,7c2d44b4-c8b1-43a9-9bfc-32af988eab20,The Daily Show with Trevor Noah
cc21c0da-ffda-4843-aa34-5730bfaac1a2,21097,97,"April 25, 2016 - Danielle Brooks",1461639600,http://www.cc.com/full-episodes/9me3nq/the-daily-show-with-trevor-noah-april-25--2016---danielle-brooks-season-21-ep-21097,general audience,"Beyonce's visual album ""Lemonade"" creates a media frenzy, Hasan Minhaj talks to Sikhs about Islamophobia, and Danielle Brooks discusses Broadway's ""The Color Purple.""",1290,http://1.images.comedycentral.com/images/shows/tds/videos/season_21/21097/ds_21_097.jpg,1461639600,"29,751",,14a0c915-02b6-4dbe-8053-873c1f417447,21,21: The Daily Show with Trevor Noah,7c2d44b4-c8b1-43a9-9bfc-32af988eab20,The Daily Show with Trevor Noah
f871b112-ba14-4295-b44c-c73760119942,21096,96,"April 21, 2016 - Howard Dean",1461294000,http://www.cc.com/full-episodes/0senbg/the-daily-show-with-trevor-noah-april-21--2016---howard-dean-season-21-ep-21096,general audience,"Desi Lydic scams her fellow New Yorkers, Hasan Minhaj provides a few tax evasion tips, and Howard Dean offers his take on the Bernie Sanders campaign.",1290,http://1.images.comedycentral.com/images/shows/tds/videos/season_21/21096/ds_21_096.jpg,1461294000,"42,248",,14a0c915-02b6-4dbe-8053-873c1f417447,21,21: The Daily Show with Trevor Noah,7c2d44b4-c8b1-43a9-9bfc-32af988eab20,The Daily Show with Trevor Noah
243fe30c-8561-49c0-ac33-3eb846c0fea2,21095,95,"April 20, 2016 - Sturgill Simpson",1461207600,http://www.cc.com/full-episodes/cmeaba/the-daily-show-with-trevor-noah-april-20--2016---sturgill-simpson-season-21-ep-21095,general audience,"Hillary Clinton and Donald Trump win the New York primaries, The Best F#@king News Team relives the 90s, and Sturgill Simpson performs songs from ""A Sailor's Guide to Earth.""",1290,http://1.images.comedycentral.com/images/shows/tds/videos/season_21/21095/ds_21_095.jpg,1461207600,"37,413",,14a0c915-02b6-4dbe-8053-873c1f417447,21,21: The Daily Show with Trevor Noah,7c2d44b4-c8b1-43a9-9bfc-32af988eab20,The Daily Show with Trevor Noah
b7affd61-1971-4bb4-985a-8a222277d0da,21094,94,"April 19, 2016 - Ben Carson",1461121200,http://www.cc.com/full-episodes/8z1tvb/the-daily-show-with-trevor-noah-april-19--2016---ben-carson-season-21-ep-21094,general audience,"Brazil's Congress votes to impeach President Dilma Rousseff, and Ben Carson defends his endorsement of Donald Trump and faces off against an unlikely opponent in a debate.",1290,http://1.images.comedycentral.com/images/shows/tds/videos/season_21/21094/ds_21_094.jpg,1461121200,"38,930",,14a0c915-02b6-4dbe-8053-873c1f417447,21,21: The Daily Show with Trevor Noah,7c2d44b4-c8b1-43a9-9bfc-32af988eab20,The Daily Show with Trevor Noah
f0a7a699-3acd-428b-bc22-125894e97b3d,21093,93,"April 18, 2016 - Ellie Kemper",1461034800,http://www.cc.com/full-episodes/2foeab/the-daily-show-with-trevor-noah-april-18--2016---ellie-kemper-season-21-ep-21093,general audience,"A Muslim man is kicked off a Southwest flight for speaking Arabic, Desi Lydic teaches Ted Cruz about ""New York values,"" and Ellie Kemper discusses ""Unbreakable Kimmy Schmidt.""",1290,http://1.images.comedycentral.com/images/shows/tds/videos/season_21/21093/ds_21_093.jpg,1461034800,"39,425",,14a0c915-02b6-4dbe-8053-873c1f417447,21,21: The Daily Show with Trevor Noah,7c2d44b4-c8b1-43a9-9bfc-32af988eab20,The Daily Show with Trevor Noah
01fe6efe-4a2d-435c-b67a-5ae8ebf890ef,21092,92,"April 14, 2016 - W. Kamau Bell",1460689200,http://www.cc.com/full-episodes/y2nb6o/the-daily-show-with-trevor-noah-april-14--2016---w--kamau-bell-season-21-ep-21092,general audience,"Jordan Klepper demonstrates the problem with primary delegates, Ted Cruz tries to appear likable at a CNN town hall, and W. Kamau Bell discusses ""United Shades of America.""",1289,http://1.images.comedycentral.com/images/shows/tds/videos/season_21/21092/ds_21_092.jpg,1460689200,"37,867",,14a0c915-02b6-4dbe-8053-873c1f417447,21,21: The Daily Show with Trevor Noah,7c2d44b4-c8b1-43a9-9bfc-32af988eab20,The Daily Show with Trevor Noah
8432f2c1-16d3-49d5-9ec2-7c66a3ed8ca5,21091,91,"April 13, 2016 - Ken Jeong",1460602800,http://www.cc.com/full-episodes/sc26yu/the-daily-show-with-trevor-noah-april-13--2016---ken-jeong-season-21-ep-21091,general audience,"Former House Speaker Dennis Hastert is indicted on banking charges, Trevor examines Donald Trump's failed line of health products, and Ken Jeong discusses ""Dr. Ken.""",1290,http://1.images.comedycentral.com/images/shows/tds/videos/season_21/21091/ds_21_091.jpg,1460602800,"36,670",,14a0c915-02b6-4dbe-8053-873c1f417447,21,21: The Daily Show with Trevor Noah,7c2d44b4-c8b1-43a9-9bfc-32af988eab20,The Daily Show with Trevor Noah
3b9c45be-1599-47d4-b196-5296a3668afa,21090,90,"April 12, 2016 - King Bach",1460516400,http://www.cc.com/full-episodes/fd0pb9/the-daily-show-with-trevor-noah-april-12--2016---king-bach-season-21-ep-21090,general audience,"New York City Mayor Bill de Blasio makes a racially insensitive joke, Ronny Chieng and Jessica Williams examine sexual racism, and King Bach discusses ""Meet the Blacks.""",1274,http://1.images.comedycentral.com/images/shows/tds/videos/season_21/21090/ds_21_090.jpg,1460516400,"35,979",,14a0c915-02b6-4dbe-8053-873c1f417447,21,21: The Daily Show with Trevor Noah,7c2d44b4-c8b1-43a9-9bfc-32af988eab20,The Daily Show with Trevor Noah
690c42e7-0fb3-4077-a111-67e82f1c82a8,21089,89,"April 11, 2016 - Jennifer Hudson",1460430000,http://www.cc.com/full-episodes/mqjxut/the-daily-show-with-trevor-noah-april-11--2016---jennifer-hudson-season-21-ep-21089,general audience,"Hillary Clinton and John Kasich campaign in New York City, Jordan Klepper tests a Japanese virtual reality sex suit, and Jennifer Hudson discusses her role in ""Confirmation.""",1291,http://1.images.comedycentral.com/images/shows/tds/videos/season_21/21089/ds_21_089.jpg,1460430000,"37,794",,14a0c915-02b6-4dbe-8053-873c1f417447,21,21: The Daily Show with Trevor Noah,7c2d44b4-c8b1-43a9-9bfc-32af988eab20,The Daily Show with Trevor Noah
c64549fd-6d90-4861-9746-033a66cc1527,21088,88,"April 7, 2016 - Juan Williams",1460084400,http://www.cc.com/full-episodes/jt25bb/the-daily-show-with-trevor-noah-april-7--2016---juan-williams-season-21-ep-21088,general audience,"Michelle Wolf unpacks the role of candidates' wives on the campaign trail, the winner of Third Month Mania is revealed, and Juan Williams discusses his book ""We the People.""",1290,http://1.images.comedycentral.com/images/shows/tds/videos/season_21/21088/ds_21_088.jpg,1460084400,"37,902",,14a0c915-02b6-4dbe-8053-873c1f417447,21,21: The Daily Show with Trevor Noah,7c2d44b4-c8b1-43a9-9bfc-32af988eab20,The Daily Show with Trevor Noah
5585b773-879e-47f4-894f-98889d4a29c9,21087,87,"April 6, 2016 - Angelica Ross",1459998000,http://www.cc.com/full-episodes/1b9vdp/the-daily-show-with-trevor-noah-april-6--2016---angelica-ross-season-21-ep-21087,general audience,"North Carolina and Kansas pass transphobic bathroom laws, Jessica Williams examines trans panic, and Angelica Ross discusses TransTech Social Enterprises.",1289,http://1.images.comedycentral.com/images/shows/tds/videos/season_21/21087/ds_21_087.jpg,1459998000,"39,111",,14a0c915-02b6-4dbe-8053-873c1f417447,21,21: The Daily Show with Trevor Noah,7c2d44b4-c8b1-43a9-9bfc-32af988eab20,The Daily Show with Trevor Noah
e4b9a876-de7e-4331-a417-10dcd4fcd8d7,21086,86,"April 5, 2016 - Jerrod Carmichael",1459911600,http://www.cc.com/full-episodes/xzj2nq/the-daily-show-with-trevor-noah-april-5--2016---jerrod-carmichael-season-21-ep-21086,general audience,"The U.S. women's soccer team calls for pay equal to their male counterparts, Trevor examines Donald Trump's sexist past, and Jerrod Carmichael discusses ""The Carmichael Show.""",1289,http://1.images.comedycentral.com/images/shows/tds/videos/season_21/21086/ds_21_086.jpg,1459911600,"37,610",,14a0c915-02b6-4dbe-8053-873c1f417447,21,21: The Daily Show with Trevor Noah,7c2d44b4-c8b1-43a9-9bfc-32af988eab20,The Daily Show with Trevor Noah
5b86df66-d3b3-4e1d-84aa-51dc7ffa4d9c,21085,85,"April 4, 2016 - Debbie Wasserman Schultz",1459825200,http://www.cc.com/full-episodes/ompiaq/the-daily-show-with-trevor-noah-april-4--2016---debbie-wasserman-schultz-season-21-ep-21085,general audience,"Hillary Clinton shuts down Bernie Sanders's debate request, Debbie Wasserman Schultz weighs in on the presidential election, and a Panama law firm reveals global corruption.",1289,http://1.images.comedycentral.com/images/shows/tds/videos/season_21/21085/ds_21_085.jpg,1459825200,"20,658",,14a0c915-02b6-4dbe-8053-873c1f417447,21,21: The Daily Show with Trevor Noah,7c2d44b4-c8b1-43a9-9bfc-32af988eab20,The Daily Show with Trevor Noah
089f595a-b17b-44ff-831a-92e396084f89,21084,84,"March 24, 2016 - Ethan Hawke",1458874800,http://www.cc.com/full-episodes/k9bdrw/the-daily-show-with-trevor-noah-march-24--2016---ethan-hawke-season-21-ep-21084,general audience,"Ted Cruz blasts President Obama's response to bombings in Brussels, Roy Wood Jr. and Hasan Minhaj weigh Third Month Mania rivals, and Ethan Hawke discusses ""Born to Be Blue.""",1290,http://1.images.comedycentral.com/images/shows/tds/videos/season_21/21084/ds_21_084.jpg,1458874800,"34,706",,14a0c915-02b6-4dbe-8053-873c1f417447,21,21: The Daily Show with Trevor Noah,7c2d44b4-c8b1-43a9-9bfc-32af988eab20,The Daily Show with Trevor Noah
8f819308-4007-47a3-aa5e-c8138a08a45e,21083,83,"March 23, 2016 - Lindsey Graham",1458788400,http://www.cc.com/full-episodes/kuy9wr/the-daily-show-with-trevor-noah-march-23--2016---lindsey-graham-season-21-ep-21083,general audience,"Trevor examines how the GOP ended up with Donald Trump, and Senator Lindsey Graham shoots pool and explains why he begrudgingly endorsed presidential hopeful Ted Cruz.",1290,http://1.images.comedycentral.com/images/shows/tds/videos/season_21/21083/ds_21_083.jpg,1458788400,"52,439",,14a0c915-02b6-4dbe-8053-873c1f417447,21,21: The Daily Show with Trevor Noah,7c2d44b4-c8b1-43a9-9bfc-32af988eab20,The Daily Show with Trevor Noah
f6e4b53d-2fcc-4e53-95f8-72c4472f8d8b,21082,82,"March 22, 2016  - Taavi Roivas",1458702000,http://www.cc.com/full-episodes/0d8i55/the-daily-show-with-trevor-noah-march-22--2016----taavi-roivas-season-21-ep-21082,general audience,"President Obama visits Cuba, Roy Wood Jr. finds out how Thabo Sefolosha beat a wrongful arrest, and Prime Minister Taavi Roivas discusses Estonia's technological advances.",1290,http://1.images.comedycentral.com/images/shows/tds/videos/season_21/21082/ds_21_082.jpg,1458702000,"43,850",,14a0c915-02b6-4dbe-8053-873c1f417447,21,21: The Daily Show with Trevor Noah,7c2d44b4-c8b1-43a9-9bfc-32af988eab20,The Daily Show with Trevor Noah
693dd6b0-644f-4a17-9f0f-959564f8c485,21081,81,"March 21, 2016 - Shaka Senghor",1458615600,http://www.cc.com/full-episodes/crzxbs/the-daily-show-with-trevor-noah-march-21--2016---shaka-senghor-season-21-ep-21081,general audience,"Trevor examines the media's relationship with Donald Trump, Ronny Chieng investigates artificial intelligence, and Shaka Senghor discusses his memoir ""Writing My Wrongs.""",1290,http://1.images.comedycentral.com/images/shows/tds/videos/season_21/21081/ds_21_081.jpg,1458615600,"43,138",,14a0c915-02b6-4dbe-8053-873c1f417447,21,21: The Daily Show with Trevor Noah,7c2d44b4-c8b1-43a9-9bfc-32af988eab20,The Daily Show with Trevor Noah
545b000d-5830-42ef-a64d-b40f9c9241a2,21080,80,"March 17, 2016 - Theo James",1458270000,http://www.cc.com/full-episodes/z0ekdo/the-daily-show-with-trevor-noah-march-17--2016---theo-james-season-21-ep-21080,general audience,"President Obama nominates Merrick Garland for the Supreme Court, Hasan Minhaj and Roy Wood Jr. debate Third Month Mania matchups, and Theo James discusses ""Allegiant.""",1290,http://1.images.comedycentral.com/images/shows/tds/videos/season_21/21080/ds_21_080.jpg,1458270000,"39,218",,14a0c915-02b6-4dbe-8053-873c1f417447,21,21: The Daily Show with Trevor Noah,7c2d44b4-c8b1-43a9-9bfc-32af988eab20,The Daily Show with Trevor Noah
320685da-1c01-4694-8c1c-09dbf5fb3eb1,21079,79,"March 16, 2016 - Brian Fallon",1458183600,http://www.cc.com/full-episodes/6jxl8i/the-daily-show-with-trevor-noah-march-16--2016---brian-fallon-season-21-ep-21079,general audience,"Donald Trump predicts rioting if he doesn't win the GOP bid, Adam Lowitt examines anti-Semitism in politics, and Brian Fallon performs songs from his album ""Painkillers.""",1289,http://1.images.comedycentral.com/images/shows/tds/videos/season_21/21079/ds_21_079.jpg,1458183600,"39,918",,14a0c915-02b6-4dbe-8053-873c1f417447,21,21: The Daily Show with Trevor Noah,7c2d44b4-c8b1-43a9-9bfc-32af988eab20,The Daily Show with Trevor Noah
27992d72-0c7b-4098-a9eb-1c76321a1d19,21078,,"March 15, 2016 - Joe Nocera",1458097200,http://www.cc.com/full-episodes/xg1zkm/the-daily-show-with-trevor-noah-march-15--2016---joe-nocera-season-21-ep-21078,general audience,"Hillary Clinton accidentally revives a Benghazi conversation, The Best F#@king News Team provides a service for Donald Trump supporters, and Joe Nocera discusses ""Indentured.""",1289,http://1.images.comedycentral.com/images/shows/tds/videos/season_21/21078/ds_21_078.jpg,1458097200,"37,541",,14a0c915-02b6-4dbe-8053-873c1f417447,21,21: The Daily Show with Trevor Noah,7c2d44b4-c8b1-43a9-9bfc-32af988eab20,The Daily Show with Trevor Noah
32975f76-6688-4887-b90f-a4d01e059440,21077,,"March 14, 2016 - Van Jones",1458010800,http://www.cc.com/full-episodes/7u7n3o/the-daily-show-with-trevor-noah-march-14--2016---van-jones-season-21-ep-21077,general audience,"Bernie Sanders supporters crash a series of Donald Trump rallies, Neal Brennan weighs in on Kim Kardashian and Kanye West, and CNN's Van Jones discusses the Dream Corps.",1291,http://1.images.comedycentral.com/images/shows/tds/videos/season_21/21077/ds_21_077.jpg,1458010800,"41,393",,14a0c915-02b6-4dbe-8053-873c1f417447,21,21: The Daily Show with Trevor Noah,7c2d44b4-c8b1-43a9-9bfc-32af988eab20,The Daily Show with Trevor Noah
cf599ad8-220c-4637-b023-328fff1cc420,21076,,"March 10, 2016 - Padma Lakshmi",1457668800,http://www.cc.com/full-episodes/pmkzkt/the-daily-show-with-trevor-noah-march-10--2016---padma-lakshmi-season-21-ep-21076,general audience,"Canadian Prime Minister Justin Trudeau visits the U.S., Ronny Chieng examines the Tri-Faith Initiative in Nebraska, and Padma Lakshmi discusses ""Love, Loss, and What We Ate.""",1288,http://1.images.comedycentral.com/images/shows/tds/videos/season_21/21076/ds_21_076.jpg,1457668800,"39,398",,14a0c915-02b6-4dbe-8053-873c1f417447,21,21: The Daily Show with Trevor Noah,7c2d44b4-c8b1-43a9-9bfc-32af988eab20,The Daily Show with Trevor Noah
10d7b958-b0b0-4a39-af85-93d2585074e0,21075,,"March 9, 2016 - Sacha Baron Cohen",1457582400,http://www.cc.com/full-episodes/2iu7in/the-daily-show-with-trevor-noah-march-9--2016---sacha-baron-cohen-season-21-ep-21075,general audience,"Bernie Sanders pulls a surprise win in the Michigan primary, Jordan Klepper fact-checks Donald Trump's business record, and Sacha Baron Cohen discusses ""The Brothers Grimsby.""",1290,http://1.images.comedycentral.com/images/shows/tds/videos/season_21/21075/ds_21_075.jpg,1457582400,"42,525",,14a0c915-02b6-4dbe-8053-873c1f417447,21,21: The Daily Show with Trevor Noah,7c2d44b4-c8b1-43a9-9bfc-32af988eab20,The Daily Show with Trevor Noah
22a33534-3b95-4864-9843-fcbbf8a39ac8,21074,,"March 8, 2016 - Ellen Page",1457496000,http://www.cc.com/full-episodes/9c1ss5/the-daily-show-with-trevor-noah-march-8--2016---ellen-page-season-21-ep-21074,general audience,"Jordan Klepper talks to white kids who have only ever known a black president, Lewis Black reviews Osama bin Laden's will, and Ellen Page discusses her series ""Gaycation.""",1290,http://1.images.comedycentral.com/images/shows/tds/videos/season_21/21074/ds_21_074.jpg,1457496000,"37,840",,14a0c915-02b6-4dbe-8053-873c1f417447,21,21: The Daily Show with Trevor Noah,7c2d44b4-c8b1-43a9-9bfc-32af988eab20,The Daily Show with Trevor Noah
380afdff-96f1-48ac-96d3-535e5e601ecb,21073,,"March 7, 2016 - Ilana Glazer and Abbi Jacobson",1457409600,http://www.cc.com/full-episodes/uj0i4w/the-daily-show-with-trevor-noah-march-7--2016---ilana-glazer-and-abbi-jacobson-season-21-ep-21073,general audience,"The GOP fights Donald Trump for party control, Roy Wood Jr. and Jessica Williams honor Ben Carson's political career, and Ilana Glazer and Abbi Jacobson discuss ""Broad City.""",1291,http://1.images.comedycentral.com/images/shows/tds/videos/season_21/21073/ds_21_073.jpg,1457409600,"40,571",,14a0c915-02b6-4dbe-8053-873c1f417447,21,21: The Daily Show with Trevor Noah,7c2d44b4-c8b1-43a9-9bfc-32af988eab20,The Daily Show with Trevor Noah
c61472c3-3966-4a4a-9e1c-7f5cc7b0e585,21072,,"March 3, 2016 - Bill de Blasio",1457064000,http://www.cc.com/full-episodes/9cme4a/the-daily-show-with-trevor-noah-march-3--2016---bill-de-blasio-season-21-ep-21072,general audience,"Mitt Romney disavows Donald Trump, Jordan Klepper learns about an unexpected compromise on gun research, and Mayor Bill de Blasio discusses New York City's tech industry.",1288,http://1.images.comedycentral.com/images/shows/tds/videos/season_21/21072/ds_21_072.jpg,1457064000,"43,146",,14a0c915-02b6-4dbe-8053-873c1f417447,21,21: The Daily Show with Trevor Noah,7c2d44b4-c8b1-43a9-9bfc-32af988eab20,The Daily Show with Trevor Noah
381ee95e-0a44-485b-83e7-c544689ca58c,21071,,"March 2, 2016 - Chrissy Teigen",1456977600,http://www.cc.com/full-episodes/zvnspn/the-daily-show-with-trevor-noah-march-2--2016---chrissy-teigen-season-21-ep-21071,general audience,"The Best F#@king News Team reveals Trevor's feelings about Donald Trump, Hasan Minhaj weighs in on Marco Rubio's primary strategy, and Chrissy Teigen chats about ""Cravings.""",1288,http://1.images.comedycentral.com/images/shows/tds/videos/season_21/21071/ds_21_071.jpg,1456977600,"42,406",,14a0c915-02b6-4dbe-8053-873c1f417447,21,21: The Daily Show with Trevor Noah,7c2d44b4-c8b1-43a9-9bfc-32af988eab20,The Daily Show with Trevor Noah
53fd7762-e29b-4294-9dbb-a0d41705d523,21070,,"March 1, 2016 - Neal Brennan",1456891200,http://www.cc.com/full-episodes/edzjw0/the-daily-show-with-trevor-noah-march-1--2016---neal-brennan-season-21-ep-21070,general audience,"Iowa lawmakers propose a bill that could allow kids under 14 to shoot handguns, Kristen Schaal examines female body acceptance, and Neal Brennan discusses ""3 Mics.""",1289,http://1.images.comedycentral.com/images/shows/tds/videos/season_21/21070/ds_21_070.jpg,1456891200,"39,770",,14a0c915-02b6-4dbe-8053-873c1f417447,21,21: The Daily Show with Trevor Noah,7c2d44b4-c8b1-43a9-9bfc-32af988eab20,The Daily Show with Trevor Noah
4bcaeaa4-3f26-49c6-beb6-6d1ba1337dac,21069,,"February 29, 2016 - Morris Chestnut",1456804800,http://www.cc.com/full-episodes/6s035g/the-daily-show-with-trevor-noah-february-29--2016---morris-chestnut-season-21-ep-21069,general audience,"Bernie Sanders takes his loss in the South Carolina primary in stride, Donald Trump unknowingly tweets a Benito Mussolini quote, and Morris Chestnut chats about ""Rosewood.""",1289,http://1.images.comedycentral.com/images/shows/tds/videos/season_21/21069/ds_21_069.jpg,1456804800,"40,838",,14a0c915-02b6-4dbe-8053-873c1f417447,21,21: The Daily Show with Trevor Noah,7c2d44b4-c8b1-43a9-9bfc-32af988eab20,The Daily Show with Trevor Noah
1942d8a6-9d59-496a-8ab0-553e5d843cf0,21068,68,"February 25, 2016 - Michael Hayden",1456459200,http://www.cc.com/full-episodes/pvowd7/the-daily-show-with-trevor-noah-february-25--2016---michael-hayden-season-21-ep-21068,general audience,"Apple refuses to unlock a terrorist's iPhone for the FBI, Hillary Clinton and Bernie Sanders vie for the black vote, and Michael Hayden discusses ""Playing to the Edge.""",1289,http://1.images.comedycentral.com/images/shows/tds/videos/season_21/21068/ds_21_068.jpg,1456459200,"41,584",,14a0c915-02b6-4dbe-8053-873c1f417447,21,21: The Daily Show with Trevor Noah,7c2d44b4-c8b1-43a9-9bfc-32af988eab20,The Daily Show with Trevor Noah
213670ac-53ec-4ca7-ac36-04c59a44c039,21067,67,"February 24, 2016 - Brian Chesky",1456372800,http://www.cc.com/full-episodes/ntd09p/the-daily-show-with-trevor-noah-february-24--2016---brian-chesky-season-21-ep-21067,general audience,"Donald Trump wins his third straight Republican primary, researchers discover that Adolf Hitler had a micropenis, and Airbnb CEO Brian Chesky discusses founding his company.",1289,http://1.images.comedycentral.com/images/shows/tds/videos/season_21/21067/ds_21_067.jpg,1456372800,"41,535",,14a0c915-02b6-4dbe-8053-873c1f417447,21,21: The Daily Show with Trevor Noah,7c2d44b4-c8b1-43a9-9bfc-32af988eab20,The Daily Show with Trevor Noah
88878383-bc15-4a4d-ad2a-68dcfa48ce55,21066,66,"February 23, 2016 - Anthony Mackie",1456286400,http://www.cc.com/full-episodes/yaqdzg/the-daily-show-with-trevor-noah-february-23--2016---anthony-mackie-season-21-ep-21066,general audience,"Senate Republicans preemptively veto President Obama's Supreme Court nomination, Jessica Williams investigates a homophobic church, and Anthony Mackie discusses ""Triple 9.""",1289,http://1.images.comedycentral.com/images/shows/tds/videos/season_21/21066/ds_21_066.jpg,1456286400,"45,761",,14a0c915-02b6-4dbe-8053-873c1f417447,21,21: The Daily Show with Trevor Noah,7c2d44b4-c8b1-43a9-9bfc-32af988eab20,The Daily Show with Trevor Noah
de188223-bfe1-4e44-bb04-6cb4edb96eca,21065,65,"February 22, 2016 - Cory Booker",1456200000,http://www.cc.com/full-episodes/w0iae6/the-daily-show-with-trevor-noah-february-22--2016---cory-booker-season-21-ep-21065,general audience,"Jeb Bush drops out of the GOP presidential race, Yoweri Museveni is reelected president of Uganda for a fifth term, and Senator Cory Booker discusses his book ""United.""",1290,http://1.images.comedycentral.com/images/shows/tds/videos/season_21/21065/ds_21_065.jpg,1456200000,"73,242",,14a0c915-02b6-4dbe-8053-873c1f417447,21,21: The Daily Show with Trevor Noah,7c2d44b4-c8b1-43a9-9bfc-32af988eab20,The Daily Show with Trevor Noah
8b5ea923-cd07-41ea-b717-52f591af2978,21064,64,"February 11, 2016 - Ben Stiller",1455249600,http://www.cc.com/full-episodes/c7pj1m/the-daily-show-with-trevor-noah-february-11--2016---ben-stiller-season-21-ep-21064,general audience,"Jordan Klepper immerses himself in Donald Trump's political circus, Roy Wood Jr. investigates the decline of American fast food, and Ben Stiller chats about ""Zoolander 2.""",1288,http://1.images.comedycentral.com/images/shows/tds/videos/season_21/21064/ds_21_064.jpg,1455249600,"327,010",,14a0c915-02b6-4dbe-8053-873c1f417447,21,21: The Daily Show with Trevor Noah,7c2d44b4-c8b1-43a9-9bfc-32af988eab20,The Daily Show with Trevor Noah
51036924-d628-4d42-ab7a-1dd155ac3080,21063,63,"February 10, 2016 - Olivia Wilde",1455163200,http://www.cc.com/full-episodes/245qnu/the-daily-show-with-trevor-noah-february-10--2016---olivia-wilde-season-21-ep-21063,general audience,"Bernie Sanders and Donald Trump win the New Hampshire primaries, Roy Wood Jr. hits the campaign trail, and Olivia Wilde discusses her role in the HBO series ""Vinyl.""",1290,http://1.images.comedycentral.com/images/shows/tds/videos/season_21/21063/ds_21_063.jpg,1455163200,"129,905",,14a0c915-02b6-4dbe-8053-873c1f417447,21,21: The Daily Show with Trevor Noah,7c2d44b4-c8b1-43a9-9bfc-32af988eab20,The Daily Show with Trevor Noah
c4f67db3-83fd-41e1-a686-64b2633e569c,21062,62,"February 9, 2016 - The Suffers",1455076800,http://www.cc.com/full-episodes/uu82w6/the-daily-show-with-trevor-noah-february-9--2016---the-suffers-season-21-ep-21062,general audience,"Donald Trump lashes out at Ted Cruz, Jessica Williams examines the Democrats' gender divide, and The Suffers perform songs from their self-titled debut album.",788,http://1.images.comedycentral.com/images/shows/tds/videos/season_21/21062/ds_21_062.jpg,1455076800,"197,346",,14a0c915-02b6-4dbe-8053-873c1f417447,21,21: The Daily Show with Trevor Noah,7c2d44b4-c8b1-43a9-9bfc-32af988eab20,The Daily Show with Trevor Noah
fb0cab92-6cdf-467a-8132-df21c58d088a,21061,61,"February 8, 2016 - Gillian Jacobs",1454990400,http://www.cc.com/full-episodes/skwc98/the-daily-show-with-trevor-noah-february-8--2016---gillian-jacobs-season-21-ep-21061,general audience,"Donald Trump lashes out at the audience during a GOP debate, Jessica Williams breaks down Beyonce's halftime show, and Gillian Jacobs discusses her Netflix series ""Love.""",1289,http://1.images.comedycentral.com/images/shows/tds/videos/season_21/21061/ds_21_061.jpg,1454990400,"205,324",,14a0c915-02b6-4dbe-8053-873c1f417447,21,21: The Daily Show with Trevor Noah,7c2d44b4-c8b1-43a9-9bfc-32af988eab20,The Daily Show with Trevor Noah
275e31f2-db2a-4a52-af54-fb1cbb828dad,21060,60,"February 4, 2016 - Lilly Singh",1454644800,http://www.cc.com/full-episodes/vzljpk/the-daily-show-with-trevor-noah-february-4--2016---lilly-singh-season-21-ep-21060,general audience,"GOP presidential dropout Rick Santorum endorses Marco Rubio, Ronny Chieng examines a questionable NBA promotion, and Lilly Singh discusses ""A Trip to Unicorn Island.""",1291,http://1.images.comedycentral.com/images/shows/tds/videos/season_21/21060/ds_21_060.jpg,1454644800,"214,634",,14a0c915-02b6-4dbe-8053-873c1f417447,21,21: The Daily Show with Trevor Noah,7c2d44b4-c8b1-43a9-9bfc-32af988eab20,The Daily Show with Trevor Noah
2ea605ec-7c24-45d8-bafa-55df4def7d82,21059,59,"February 3, 2016 - Hannibal Buress",1454558400,http://www.cc.com/full-episodes/28p1ta/the-daily-show-with-trevor-noah-february-3--2016---hannibal-buress-season-21-ep-21059,general audience,"Ben Carson and Donald Trump accuse Ted Cruz of stealing the Iowa caucuses, Roy Wood Jr. examines racism in porn, and Hannibal Buress discusses ""Comedy Camisado.""",1290,http://1.images.comedycentral.com/images/shows/tds/videos/season_21/21059/ds_21_059.jpg,1454558400,"192,558",,14a0c915-02b6-4dbe-8053-873c1f417447,21,21: The Daily Show with Trevor Noah,7c2d44b4-c8b1-43a9-9bfc-32af988eab20,The Daily Show with Trevor Noah
38bd4ff5-0d5a-4bd6-b68c-84fec7a41460,21058,58,"February 2, 2016 - Peter Bergen",1454472000,http://www.cc.com/full-episodes/707899/the-daily-show-with-trevor-noah-february-2--2016---peter-bergen-season-21-ep-21058,general audience,"Ted Cruz and Hillary Clinton win the Iowa caucuses, The Best F#@king News Team looks back at the Emancipation Proclamation, and Peter Bergen discuses ""United States of Jihad.""",1290,http://1.images.comedycentral.com/images/shows/tds/videos/season_21/21058/ds_21_058.jpg,1454472000,"95,401",,14a0c915-02b6-4dbe-8053-873c1f417447,21,21: The Daily Show with Trevor Noah,7c2d44b4-c8b1-43a9-9bfc-32af988eab20,The Daily Show with Trevor Noah
a624159d-e8ee-48a8-8543-e687a99681ec,21057,57,"February 1, 2016 - Reshma Saujani",1454385600,http://www.cc.com/full-episodes/xmxf0e/the-daily-show-with-trevor-noah-february-1--2016---reshma-saujani-season-21-ep-21057,general audience,"Roy Wood Jr. looks back at Martin Luther King Jr.'s arrest in Alabama, Ronny Chieng talks about the history of the Iowa caucuses, and Reshma Saujani discusses Girls Who Code.",1290,http://1.images.comedycentral.com/images/shows/tds/videos/season_21/21057/ds_21_057.jpg,1454385600,"178,536",,14a0c915-02b6-4dbe-8053-873c1f417447,21,21: The Daily Show with Trevor Noah,7c2d44b4-c8b1-43a9-9bfc-32af988eab20,The Daily Show with Trevor Noah
63b34975-a391-4294-8e89-a58c61a492a2,21056,56,"January 28, 2016 - Ryan Lizza",1454040000,http://www.cc.com/full-episodes/60ptvf/the-daily-show-with-trevor-noah-january-28--2016---ryan-lizza-season-21-ep-21056,general audience,"Jordan Klepper and Hasan Minhaj weigh Ted Cruz against Donald Trump, Roy Wood Jr. breaks down political ads, and Ryan Lizza discusses the GOP presidential contenders.",1289,http://1.images.comedycentral.com/images/shows/tds/videos/season_21/21056/ds_21_056.jpg,1454040000,"238,594",,14a0c915-02b6-4dbe-8053-873c1f417447,21,21: The Daily Show with Trevor Noah,7c2d44b4-c8b1-43a9-9bfc-32af988eab20,The Daily Show with Trevor Noah
fa20c2fd-ea0b-4253-9b1e-569d059bbefd,21055,55,"January 27, 2016 - Jerry Seinfeld",1453953600,http://www.cc.com/full-episodes/d71ufc/the-daily-show-with-trevor-noah-january-27--2016---jerry-seinfeld-season-21-ep-21055,general audience,"Donald Trump drops out of a GOP debate, two undercover anti-Planned Parenthood investigators are indicted, and Jerry Seinfeld chats about ""Comedians in Cars Getting Coffee.""",1290,http://1.images.comedycentral.com/images/shows/tds/videos/season_21/21055/ds_21_055.jpg,1453953600,"164,786",,14a0c915-02b6-4dbe-8053-873c1f417447,21,21: The Daily Show with Trevor Noah,7c2d44b4-c8b1-43a9-9bfc-32af988eab20,The Daily Show with Trevor Noah
b662505d-abc7-40de-aa6b-82f24b811d68,21054,54,"January 26, 2016 - DeRay Mckesson",1453867200,http://www.cc.com/full-episodes/1nwg3t/the-daily-show-with-trevor-noah-january-26--2016---deray-mckesson-season-21-ep-21054,general audience,"ISIS creates a dating site, Martin O'Malley and Hillary Clinton answer awkward questions at a CNN town hall, and DeRay Mckesson discusses the Black Lives Matter movement.",1290,http://1.images.comedycentral.com/images/shows/tds/videos/season_21/21054/ds_21_054.jpg,1453867200,"190,595",,14a0c915-02b6-4dbe-8053-873c1f417447,21,21: The Daily Show with Trevor Noah,7c2d44b4-c8b1-43a9-9bfc-32af988eab20,The Daily Show with Trevor Noah
6f486c37-3091-4091-9c29-b0753c41fae2,21053,53,"January 25, 2016 - Gad Elmaleh",1453780800,http://www.cc.com/full-episodes/xmsxg1/the-daily-show-with-trevor-noah-january-25--2016---gad-elmaleh-season-21-ep-21053,general audience,"Carly Fiorina turns a preschool trip into a pro-life rally, Ronny Chieng examines a different kind of gay adoption, and Gad Elmaleh chats about his first U.S. comedy tour.",1290,http://1.images.comedycentral.com/images/shows/tds/videos/season_21/21053/ds_21_053.jpg,1453780800,"186,210",,14a0c915-02b6-4dbe-8053-873c1f417447,21,21: The Daily Show with Trevor Noah,7c2d44b4-c8b1-43a9-9bfc-32af988eab20,The Daily Show with Trevor Noah
96ff1d6e-9f5f-42c1-a614-f423a60250bd,21052,52,"January 21, 2016 - Marlon Wayans",1453435200,http://www.cc.com/full-episodes/gy9ms2/the-daily-show-with-trevor-noah-january-21--2016---marlon-wayans-season-21-ep-21052,general audience,"Vladimir Putin is accused of approving an assassination, Jessica Williams examines a New York town's questionable seal, and Marlon Wayans discusses ""Fifty Shades of Black.""",1289,http://1.images.comedycentral.com/images/shows/tds/videos/season_21/21052/ds_21_052.jpg,1453435200,"231,835",,14a0c915-02b6-4dbe-8053-873c1f417447,21,21: The Daily Show with Trevor Noah,7c2d44b4-c8b1-43a9-9bfc-32af988eab20,The Daily Show with Trevor Noah
b6b04ecb-0261-458d-8a1c-9dccb8ccfb85,21051,51,"January 20, 2016 - Gael Garcia Bernal",1453348800,http://www.cc.com/full-episodes/m7nxqg/the-daily-show-with-trevor-noah-january-20--2016---gael-garcia-bernal-season-21-ep-21051,general audience,"Sarah Palin endorses GOP presidential hopeful Donald Trump, Hasan Minhaj shares his hot tips for investing in guns, and Gael Garcia Bernal chats about ""Mozart in the Jungle.""",1289,http://1.images.comedycentral.com/images/shows/tds/videos/season_21/21051/ds_21_051.jpg,1453348800,"219,148",,14a0c915-02b6-4dbe-8053-873c1f417447,21,21: The Daily Show with Trevor Noah,7c2d44b4-c8b1-43a9-9bfc-32af988eab20,The Daily Show with Trevor Noah
858321f0-8eb5-444b-b2c0-29f55fc8e11e,21050,50,"January 19, 2016 - Jess Glynne",1453262400,http://www.cc.com/full-episodes/3z5v5c/the-daily-show-with-trevor-noah-january-19--2016---jess-glynne-season-21-ep-21050,general audience,"Jordan Klepper reacts to the U.K. Parliament insulting Donald Trump, Roy Wood Jr. examines political betting, and Jess Glynne performs songs from ""I Cry When I Laugh.""",896,http://1.images.comedycentral.com/images/shows/tds/videos/season_21/21050/ds_21_050.jpg,1453262400,"221,940",,14a0c915-02b6-4dbe-8053-873c1f417447,21,21: The Daily Show with Trevor Noah,7c2d44b4-c8b1-43a9-9bfc-32af988eab20,The Daily Show with Trevor Noah
c01d9e6e-2e15-4e5a-b61b-1286b1bc673b,21049,49,"January 18, 2016 - Moira Demos and Laura Ricciardi",1453176000,http://www.cc.com/full-episodes/yyst9s/the-daily-show-with-trevor-noah-january-18--2016---moira-demos-and-laura-ricciardi-season-21-ep-21049,general audience,"A Georgia Air Force base apologizes for a tone-deaf ad, Jessica Williams fact-checks the presidential debates, and Moira Demos and Laura Ricciardi discuss ""Making a Murderer.""",1290,http://1.images.comedycentral.com/images/shows/tds/videos/season_21/21049/ds_21_049.jpg,1453176000,"187,034",,14a0c915-02b6-4dbe-8053-873c1f417447,21,21: The Daily Show with Trevor Noah,7c2d44b4-c8b1-43a9-9bfc-32af988eab20,The Daily Show with Trevor Noah
2cc6d648-a260-42f7-9322-921832d9e1d9,21048,48,"January 14, 2016 - Ice Cube",1452830400,http://www.cc.com/full-episodes/obe820/the-daily-show-with-trevor-noah-january-14--2016---ice-cube-season-21-ep-21048,general audience,"The people of Flint, MI, face citywide water contamination, Roy Wood Jr. weighs in on the Oscar nominations' lack of diversity, and Ice Cube chats about ""Ride Along 2.""",1288,http://1.images.comedycentral.com/images/shows/tds/videos/season_21/21048/ds_21_048.jpg,1452830400,"198,578",,14a0c915-02b6-4dbe-8053-873c1f417447,21,21: The Daily Show with Trevor Noah,7c2d44b4-c8b1-43a9-9bfc-32af988eab20,The Daily Show with Trevor Noah
a05875a8-d5d4-4899-b5e8-ca5ad0062ba7,21047,47,"January 13, 2016 - Rand Paul and Tavis Smiley",1452744000,http://www.cc.com/full-episodes/yswpni/the-daily-show-with-trevor-noah-january-13--2016---rand-paul-and-tavis-smiley-season-21-ep-21047,general audience,"President Obama delivers his last State of the Union, Rand Paul appears in his own GOP debate, and Tavis Smiley discusses ""The Covenant with Black America - Ten Years Later.""",1290,http://1.images.comedycentral.com/images/shows/tds/videos/season_21/21047/ds_21_047.jpg,1452744000,"243,249",,14a0c915-02b6-4dbe-8053-873c1f417447,21,21: The Daily Show with Trevor Noah,7c2d44b4-c8b1-43a9-9bfc-32af988eab20,The Daily Show with Trevor Noah
e98755fa-4fc3-432f-8763-d6332afe4e38,21046,46,"January 12, 2016 - Greg Gutfeld",1452657600,http://www.cc.com/full-episodes/ub707r/the-daily-show-with-trevor-noah-january-12--2016---greg-gutfeld-season-21-ep-21046,general audience,"Bernie Sanders closes in on Hillary Clinton in the polls, Al Madrigal examines an Apache tribe's fight for land in Arizona, and Greg Gutfeld discusses ""How to Be Right.""",1289,http://1.images.comedycentral.com/images/shows/tds/videos/season_21/21046/ds_21_046.jpg,1452657600,"192,354",,14a0c915-02b6-4dbe-8053-873c1f417447,21,21: The Daily Show with Trevor Noah,7c2d44b4-c8b1-43a9-9bfc-32af988eab20,The Daily Show with Trevor Noah
c11ccc15-a174-4678-a8c3-e5ee3b5f6391,21045,45,"January 11, 2016 - Colin Quinn",1452571200,http://www.cc.com/full-episodes/2fi0us/the-daily-show-with-trevor-noah-january-11--2016---colin-quinn-season-21-ep-21045,general audience,"Mexico captures drug kingpin Joaquin ""El Chapo"" Guzman, Roy Wood Jr. prepares for President Obama's final State of the Union address, and Colin Quinn chats about ""Cop Show.""",1288,http://1.images.comedycentral.com/images/shows/tds/videos/season_21/21045/ds_21_045.jpg,1452571200,"181,231",,14a0c915-02b6-4dbe-8053-873c1f417447,21,21: The Daily Show with Trevor Noah,7c2d44b4-c8b1-43a9-9bfc-32af988eab20,The Daily Show with Trevor Noah
81c55ec2-d26e-4ca8-b016-3ea4782371d4,21044,44,"January 7, 2016 - Dalia Mogahed",1452225600,http://www.cc.com/full-episodes/ewuv1n/the-daily-show-with-trevor-noah-january-7--2016---dalia-mogahed-season-21-ep-21044,general audience,"Donald Trump questions Ted Cruz's presidential eligibility, Jessica Williams breaks down a campaign ad on immigration, and Dalia Mogahed discusses Islamic stereotypes.",1288,http://1.images.comedycentral.com/images/shows/tds/videos/season_21/21044/ds_21_044.jpg,1452225600,"232,128",,14a0c915-02b6-4dbe-8053-873c1f417447,21,21: The Daily Show with Trevor Noah,7c2d44b4-c8b1-43a9-9bfc-32af988eab20,The Daily Show with Trevor Noah
5f5e82d3-40a0-4db5-8e80-f357d6acdbba,21043,43,"January 6, 2016 - David J. Peterson",1452139200,http://www.cc.com/full-episodes/p2i7oz/the-daily-show-with-trevor-noah-january-6--2016---david-j--peterson-season-21-ep-21043,general audience,"President Obama takes executive action on gun regulation, Hasan Minhaj examines the secondary sneaker market, and David J. Peterson discusses ""The Art of Language Invention.""",1290,http://1.images.comedycentral.com/images/shows/tds/videos/season_21/21043/ds_21_043.jpg,1452139200,"211,167",,14a0c915-02b6-4dbe-8053-873c1f417447,21,21: The Daily Show with Trevor Noah,7c2d44b4-c8b1-43a9-9bfc-32af988eab20,The Daily Show with Trevor Noah
4ad1b5d2-9003-4735-b2f0-a7af8c339c9d,21042,42,"January 5, 2016 - Ryan Coogler",1452052800,http://www.cc.com/full-episodes/6r488f/the-daily-show-with-trevor-noah-january-5--2016---ryan-coogler-season-21-ep-21042,general audience,"Jordan Klepper sends a care package to a militia group involved in an armed standoff at a federal building in Oregon, and director Ryan Coogler discusses his film ""Creed.""",1288,http://1.images.comedycentral.com/images/shows/tds/videos/season_21/21042/ds_21_042.jpg,1452052800,"189,445",,14a0c915-02b6-4dbe-8053-873c1f417447,21,21: The Daily Show with Trevor Noah,7c2d44b4-c8b1-43a9-9bfc-32af988eab20,The Daily Show with Trevor Noah
5cd0cc7d-d667-46e1-a501-092196186b91,21041,41,"January 4, 2016 - David Cross",1451966400,http://www.cc.com/full-episodes/icodm7/the-daily-show-with-trevor-noah-january-4--2016---david-cross-season-21-ep-21041,general audience,"A new open-carry gun law goes into effect in Texas, Fox News spends New Year's Eve with the GOP presidential candidates, and David Cross discusses his show ""Todd Margaret.""",1289,http://1.images.comedycentral.com/images/shows/tds/videos/season_21/21041/ds_21_041.jpg,1451966400,"182,559",,14a0c915-02b6-4dbe-8053-873c1f417447,21,21: The Daily Show with Trevor Noah,7c2d44b4-c8b1-43a9-9bfc-32af988eab20,The Daily Show with Trevor Noah
2ca808b9-f4f7-4603-9c7f-a8b87fc3a2e1,21040,40,"December 17, 2015 - Will Ferrell",1450411200,http://www.cc.com/full-episodes/2h9yot/the-daily-show-with-trevor-noah-december-17--2015---will-ferrell-season-21-ep-21040,general audience,"The Best F#@king News Team reviews the biggest headlines of 2015, North Korean leader Kim Jong-un assembles a pop supergroup, and Will Ferrell chats about ""Daddy's Home.""",1289,http://1.images.comedycentral.com/images/shows/tds/videos/season_21/21040/ds_21_040.jpg,1450411200,"273,369",,14a0c915-02b6-4dbe-8053-873c1f417447,21,21: The Daily Show with Trevor Noah,7c2d44b4-c8b1-43a9-9bfc-32af988eab20,The Daily Show with Trevor Noah
4fb745d9-4bd1-4250-b764-ea933e644066,21039,39,"December 16, 2015 - Will Smith",1450324800,http://www.cc.com/full-episodes/0e2a7z/the-daily-show-with-trevor-noah-december-16--2015---will-smith-season-21-ep-21039,general audience,"Jeb Bush stands up to Donald Trump during the latest GOP debate, Desi Lydic fact-checks the Republican candidates, and Will Smith discusses the biopic ""Concussion.""",1289,http://1.images.comedycentral.com/images/shows/tds/videos/season_21/21039/ds_21_039.jpg,1450324800,"255,125",,14a0c915-02b6-4dbe-8053-873c1f417447,21,21: The Daily Show with Trevor Noah,7c2d44b4-c8b1-43a9-9bfc-32af988eab20,The Daily Show with Trevor Noah
b90deeff-dc49-408f-a0ea-f906b90cf5aa,21038,38,"December 15, 2015 - Pusha T",1450238400,http://www.cc.com/full-episodes/cge6hi/the-daily-show-with-trevor-noah-december-15--2015---pusha-t-season-21-ep-21038,general audience,"Jeb Bush promises to stop spamming his supporters, Donald Trump releases his bill of health, and Pusha T performs ""Sunshine"" and ""Crutches, Crosses, Caskets.""",896,http://1.images.comedycentral.com/images/shows/tds/videos/season_21/21038/ds_21_038.jpg,1450238400,"219,132",,14a0c915-02b6-4dbe-8053-873c1f417447,21,21: The Daily Show with Trevor Noah,7c2d44b4-c8b1-43a9-9bfc-32af988eab20,The Daily Show with Trevor Noah
6ca3065b-c981-476c-a9d7-17afed3f8909,21037,37,"December 14, 2015 - Andy Cohen",1450152000,http://www.cc.com/full-episodes/lznq6x/the-daily-show-with-trevor-noah-december-14--2015---andy-cohen-season-21-ep-21037,general audience,"ISIS releases a Chinese recruitment song, The Best F#@king News Team debates a controversial zombie nativity scene, and Andy Cohen discusses his miniseries ""Then and Now.""",1289,http://1.images.comedycentral.com/images/shows/tds/videos/season_21/21037/ds_21_037.jpg,1450152000,"194,679",,14a0c915-02b6-4dbe-8053-873c1f417447,21,21: The Daily Show with Trevor Noah,7c2d44b4-c8b1-43a9-9bfc-32af988eab20,The Daily Show with Trevor Noah
4148e1c2-28e3-4fbe-8f32-2a0a1778bd93,21036,36,"December 10, 2015 - Michael Strahan",1449806400,http://www.cc.com/full-episodes/vowh47/the-daily-show-with-trevor-noah-december-10--2015---michael-strahan-season-21-ep-21036,general audience,"Jordan Klepper tries to determine if a good guy with a gun really is the best defense against a bad guy with a gun, and Michael Strahan discusses his memoir, ""Wake Up Happy.""",1288,http://1.images.comedycentral.com/images/shows/tds/videos/season_21/21036/ds_21_036.jpg,1449806400,"240,142",,14a0c915-02b6-4dbe-8053-873c1f417447,21,21: The Daily Show with Trevor Noah,7c2d44b4-c8b1-43a9-9bfc-32af988eab20,The Daily Show with Trevor Noah
59eb24db-4dcc-49d6-83de-076b1498fd24,21035,35,"December 9, 2015 - Marion Cotillard",1449720000,http://www.cc.com/full-episodes/630jr9/the-daily-show-with-trevor-noah-december-9--2015---marion-cotillard-season-21-ep-21035,general audience,"Ronny Chieng looks on the bright side of global warming, Adam Lowitt breaks down a GOP presidential forum at a Jewish league, and Marion Cotillard discusses ""Macbeth.""",1290,http://1.images.comedycentral.com/images/shows/tds/videos/season_21/21035/ds_21_035.jpg,1449720000,"215,236",,14a0c915-02b6-4dbe-8053-873c1f417447,21,21: The Daily Show with Trevor Noah,7c2d44b4-c8b1-43a9-9bfc-32af988eab20,The Daily Show with Trevor Noah
b6f61dc6-1991-4830-a573-e8ea00cd917b,21034,34,"December 8, 2015 - Tom Perez",1449633600,http://www.cc.com/full-episodes/bzp7rb/the-daily-show-with-trevor-noah-december-8--2015---tom-perez-season-21-ep-21034,general audience,"Donald Trump calls for a ban on Muslims entering the U.S., Hasan Minhaj examines white conservative extremists, and Labor Secretary Tom Perez discusses the middle class.",1290,http://1.images.comedycentral.com/images/shows/tds/videos/season_21/21034/ds_21_034.jpg,1449633600,"243,560",,14a0c915-02b6-4dbe-8053-873c1f417447,21,21: The Daily Show with Trevor Noah,7c2d44b4-c8b1-43a9-9bfc-32af988eab20,The Daily Show with Trevor Noah
d5df0c98-a880-4a40-9796-d0aed200ec7f,21033,33,"December 7, 2015 - Jon Stewart",1449547200,http://www.cc.com/full-episodes/04thde/the-daily-show-with-trevor-noah-december-7--2015---jon-stewart-season-21-ep-21033,general audience,"MSNBC ransacks the home of terrorism suspects on live TV, and former Daily Show host Jon Stewart returns to shame Congress into renewing health care for 9/11 first responders.",1604,http://1.images.comedycentral.com/images/shows/tds/videos/season_21/21033/ds_21_033.jpg,1449547200,"389,101",,14a0c915-02b6-4dbe-8053-873c1f417447,21,21: The Daily Show with Trevor Noah,7c2d44b4-c8b1-43a9-9bfc-32af988eab20,The Daily Show with Trevor Noah
8a3298ab-bccc-4ea1-b34b-702457a75bc0,21032,032,"December 3, 2015 - Idris Elba",1449201600,http://www.cc.com/full-episodes/95di1k/the-daily-show-with-trevor-noah-december-3--2015---idris-elba-season-21-ep-21032,general audience,"President Obama addresses a mass shooting in Southern California, Ted Cruz releases hours of raw footage from filming campaign ads, and Idris Elba discusses ""Luther.""",1288,http://1.images.comedycentral.com/images/shows/tds/videos/season_21/21032/ds_21_032.jpg,1449201600,"269,507",,14a0c915-02b6-4dbe-8053-873c1f417447,21,21: The Daily Show with Trevor Noah,7c2d44b4-c8b1-43a9-9bfc-32af988eab20,The Daily Show with Trevor Noah
c99b887e-5162-4c75-a691-04d1fc1c916f,21031,031,"December 2, 2015 - Lupita Nyong'o",1449115200,http://www.cc.com/full-episodes/l88kef/the-daily-show-with-trevor-noah-december-2--2015---lupita-nyong-o-season-21-ep-21031,general audience,"Hacking activist group Anonymous declares war on ISIS, Jordan Klepper examines the food industry, and Lupita Nyong'o discusses ""Star Wars: The Force Awakens"" and ""Eclipsed.""",1288,http://1.images.comedycentral.com/images/shows/tds/videos/season_21/21031/ds_21_031.jpg,1449115200,"195,069",,14a0c915-02b6-4dbe-8053-873c1f417447,21,21: The Daily Show with Trevor Noah,7c2d44b4-c8b1-43a9-9bfc-32af988eab20,The Daily Show with Trevor Noah
9ed7087e-1426-4047-b6c7-a3e3a2da7371,21030,030,"December 1, 2015 - Nick Cannon",1449028800,http://www.cc.com/full-episodes/kzu5jg/the-daily-show-with-trevor-noah-december-1--2015---nick-cannon-season-21-ep-21030,general audience,"World leaders head to Paris for the COP21 climate conference, Jessica Williams searches for a hoverboard that actually flies, and Nick Cannon discusses the film ""Chi-Raq.""",1289,http://1.images.comedycentral.com/images/shows/tds/videos/season_21/21030/ds_21_030.jpg,1449028800,"150,339",,14a0c915-02b6-4dbe-8053-873c1f417447,21,21: The Daily Show with Trevor Noah,7c2d44b4-c8b1-43a9-9bfc-32af988eab20,The Daily Show with Trevor Noah
e5551a4e-42d2-46b2-b4dd-f3e141dcd064,21029,029,"November 30, 2015 - Spike Lee",1448942400,http://www.cc.com/full-episodes/m0h4o1/the-daily-show-with-trevor-noah-november-30--2015---spike-lee-season-21-ep-21029,general audience,"Donald Trump mocks a handicapped reporter, Jordan Klepper weighs in on a shooting at Planned Parenthood, and filmmaker Spike Lee discusses ""Chi-Raq.""",1289,http://1.images.comedycentral.com/images/shows/tds/videos/season_21/21029/ds_21_029.jpg,1448942400,"175,160",,14a0c915-02b6-4dbe-8053-873c1f417447,21,21: The Daily Show with Trevor Noah,7c2d44b4-c8b1-43a9-9bfc-32af988eab20,The Daily Show with Trevor Noah
155bc470-d674-436a-8ca3-ddec648d8043,21028,028,"November 19, 2015 - David Rees",1447992000,http://www.cc.com/full-episodes/frggxa/the-daily-show-with-trevor-noah-november-19--2015---david-rees-season-21-ep-21028,general audience,"Mike Huckabee equates Syrian refugees with food, a lone Missourian decides the fate of her district's sales tax, and David Rees talks about ""Going Deep with David Rees.""",1290,http://1.images.comedycentral.com/images/shows/tds/videos/season_21/21028/ds_21_028.jpg,1447992000,"324,765",,14a0c915-02b6-4dbe-8053-873c1f417447,21,21: The Daily Show with Trevor Noah,7c2d44b4-c8b1-43a9-9bfc-32af988eab20,The Daily Show with Trevor Noah
ed40b1ac-3edf-44e0-89c6-53d85eeb5a21,21027,027,"November 18, 2015 - Ted Koppel",1447905600,http://www.cc.com/full-episodes/rjdih4/the-daily-show-with-trevor-noah-november-18--2015---ted-koppel-season-21-ep-21027,general audience,"Jessica Williams explains why Ben Carson dropped a foreign policy adviser, Kristen Schaal weighs in on schools that prohibit leggings, and Ted Koppel discusses ""Lights Out.""",1290,http://1.images.comedycentral.com/images/shows/tds/videos/season_21/21027/ds_21_027.jpg,1447905600,"234,505",,14a0c915-02b6-4dbe-8053-873c1f417447,21,21: The Daily Show with Trevor Noah,7c2d44b4-c8b1-43a9-9bfc-32af988eab20,The Daily Show with Trevor Noah
824c2055-9755-440f-aa89-c63da890abe2,21026,026,"November 17, 2015 - Timbaland",1447819200,http://www.cc.com/full-episodes/853ilx/the-daily-show-with-trevor-noah-november-17--2015---timbaland-season-21-ep-21026,general audience,"Trevor examines the politicization of the ISIS attacks in Paris, Roy Wood Jr. explains why Alabama is refusing Syrian refugees, and Timbaland discusses ""The Emperor of Sound.""",1290,http://1.images.comedycentral.com/images/shows/tds/videos/season_21/21026/ds_21_026.jpg,1447819200,"207,233",,14a0c915-02b6-4dbe-8053-873c1f417447,21,21: The Daily Show with Trevor Noah,7c2d44b4-c8b1-43a9-9bfc-32af988eab20,The Daily Show with Trevor Noah
fa9eafb3-aeb0-4e64-a5fc-52bc65869466,21025,025,"November 16, 2015 - David Holbrooke",1447732800,http://www.cc.com/full-episodes/ytj6rp/the-daily-show-with-trevor-noah-november-16--2015---david-holbrooke-season-21-ep-21025,general audience,"Trevor addresses the terrorist attacks in Paris, Desi Lydic fact-checks the latest Democratic debate, and David Holbrooke discusses his documentary ""The Diplomat.""",1289,http://1.images.comedycentral.com/images/shows/tds/videos/season_21/21025/ds_21_025.jpg,1447732800,"212,962",,14a0c915-02b6-4dbe-8053-873c1f417447,21,21: The Daily Show with Trevor Noah,7c2d44b4-c8b1-43a9-9bfc-32af988eab20,The Daily Show with Trevor Noah
960b8cce-5d29-492a-ac46-5a8fe697698a,21024,024,"November 12, 2015 - Christine and The Queens",1447387200,http://www.cc.com/full-episodes/a6vttp/the-daily-show-with-trevor-noah-november-12--2015---christine-and-the-queens-season-21-ep-21024,general audience,"Jordan Klepper investigates campaign finance reform, Trevor presents The Myanmar Daily Show, and Christine and The Queens perform ""Tilted"" and ""It.""",939,http://1.images.comedycentral.com/images/shows/tds/videos/season_21/21024/ds_21_024.jpg,1447387200,"206,604",,14a0c915-02b6-4dbe-8053-873c1f417447,21,21: The Daily Show with Trevor Noah,7c2d44b4-c8b1-43a9-9bfc-32af988eab20,The Daily Show with Trevor Noah
e6b693ac-ce8d-493c-afdd-3e26cd4462e8,21023,011,"November 11, 2015 - Chris Hayes",1447300800,http://www.cc.com/full-episodes/o17xlo/the-daily-show-with-trevor-noah-november-11--2015---chris-hayes-season-21-ep-21023,general audience,"Desi Lydic fact-checks GOP presidential candidates' statements from the Republican debate, and MSNBC's Chris Hayes weighs in on the presidential hopefuls.",1290,http://1.images.comedycentral.com/images/shows/tds/videos/season_21/21023/ds_21_023.jpg,1447300800,"208,986",,14a0c915-02b6-4dbe-8053-873c1f417447,21,21: The Daily Show with Trevor Noah,7c2d44b4-c8b1-43a9-9bfc-32af988eab20,The Daily Show with Trevor Noah
bdf63cf6-d0ad-4fe7-aadc-7c5ac63bb266,21022,022,"November 10, 2015 - Dan Price",1447214400,http://www.cc.com/full-episodes/9evw1d/the-daily-show-with-trevor-noah-november-10--2015---dan-price-season-21-ep-21022,general audience,"Donald Trump calls for a Starbucks boycott, the U.S. builds a $43 million gas station in Afghanistan, and Gravity Payments CEO Dan Price explains his company's salary minimum.",1289,http://1.images.comedycentral.com/images/shows/tds/videos/season_21/21022/ds_21_022.jpg,1447214400,"197,746",,14a0c915-02b6-4dbe-8053-873c1f417447,21,21: The Daily Show with Trevor Noah,7c2d44b4-c8b1-43a9-9bfc-32af988eab20,The Daily Show with Trevor Noah
65eee9ff-1d6b-418c-9167-7a25213f75d8,21021,021,"November 9, 2015 - Pras",1447128000,http://www.cc.com/full-episodes/fd06ks/the-daily-show-with-trevor-noah-november-9--2015---pras-season-21-ep-21021,general audience,"Presidential hopeful Ben Carson defends his violent past, Ronny Chieng examines outdated voting machines, and Pras discusses his documentary ""Sweet Micky for President.""",1290,http://1.images.comedycentral.com/images/shows/tds/videos/season_21/21021/ds_21_021.jpg,1447128000,"210,059",,14a0c915-02b6-4dbe-8053-873c1f417447,21,21: The Daily Show with Trevor Noah,7c2d44b4-c8b1-43a9-9bfc-32af988eab20,The Daily Show with Trevor Noah
4b7a0c71-f212-4e48-b67e-8a8315822e31,21020,020,"November 5, 2015 - Regina King",1446782400,http://www.cc.com/full-episodes/o0mm5i/the-daily-show-with-trevor-noah-november-5--2015---regina-king-season-21-ep-21020,general audience,"The Best F#@king News Team Ever visits Trevor after he has an emergency appendectomy, China ends its one-child policy, and actress Regina King discusses ""The Leftovers.""",1289,http://1.images.comedycentral.com/images/shows/tds/videos/season_21/21020/ds_21_020_massive2.jpg,1446782400,"229,611",,14a0c915-02b6-4dbe-8053-873c1f417447,21,21: The Daily Show with Trevor Noah,7c2d44b4-c8b1-43a9-9bfc-32af988eab20,The Daily Show with Trevor Noah
63e9c1a0-c66d-4ca6-ab7d-521926424a9a,21018,018,"November 3, 2015 - Gloria Steinem",1446609600,http://www.cc.com/full-episodes/wrv7ik/the-daily-show-with-trevor-noah-november-3--2015---gloria-steinem-season-21-ep-21018,general audience,"Jordan Klepper explains why Iowa is afraid of The Daily Show, GOP presidential hopefuls submit their debate demands, and Gloria Steinem discusses ""My Life on the Road.""",1289,http://1.images.comedycentral.com/images/shows/tds/videos/season_21/21018/ds_21_018.jpg,1446609600,"244,016",,14a0c915-02b6-4dbe-8053-873c1f417447,21,21: The Daily Show with Trevor Noah,7c2d44b4-c8b1-43a9-9bfc-32af988eab20,The Daily Show with Trevor Noah
52605b30-f301-4941-9256-e4e65bad213c,21017,017,"November 2, 2015 - Fareed Zakaria",1446523200,http://www.cc.com/full-episodes/pswji6/the-daily-show-with-trevor-noah-november-2--2015---fareed-zakaria-season-21-ep-21017,general audience,"President Obama sends ground troops to fight ISIS in Syria, police remain fearful of public scrutiny, and Fareed Zakaria discusses his documentary ""Long Road to Hell.""",1289,http://1.images.comedycentral.com/images/shows/tds/videos/season_21/21017/ds_21_017.jpg,1446523200,"219,928",,14a0c915-02b6-4dbe-8053-873c1f417447,21,21: The Daily Show with Trevor Noah,7c2d44b4-c8b1-43a9-9bfc-32af988eab20,The Daily Show with Trevor Noah
5f34ed47-ec3e-49d8-a9ff-e7a8a502aced,21016,016,"October 22, 2015 - John Harwood",1445569200,http://www.cc.com/full-episodes/74y27e/the-daily-show-with-trevor-noah-october-22--2015---john-harwood-season-21-ep-21016,general audience,"Hillary Clinton testifies at the eighth Benghazi hearing, Jeb Bush calls Supergirl ""hot,"" and CNBC's John Harwood discusses moderating a Republican presidential debate.",1289,http://1.images.comedycentral.com/images/shows/tds/videos/season_21/21016/ds_21_016.jpg,1445569200,"384,664",,14a0c915-02b6-4dbe-8053-873c1f417447,21,21: The Daily Show with Trevor Noah,7c2d44b4-c8b1-43a9-9bfc-32af988eab20,The Daily Show with Trevor Noah
4cc2fceb-f499-47a9-979c-10e1e3c027fe,21015,015,"October 21, 2015 - Brie Larson",1445482800,http://www.cc.com/full-episodes/vxqk9k/the-daily-show-with-trevor-noah-october-21--2015---brie-larson-season-21-ep-21015,general audience,"Joe Biden decides not to run for president, Jordan Klepper reports on an Illinois couple unable to cash a lottery check due to budget cuts, and Brie Larson discusses ""Room.""",1291,http://1.images.comedycentral.com/images/shows/tds/videos/season_21/21015/ds_21_015.jpg,1445482800,"239,249",,14a0c915-02b6-4dbe-8053-873c1f417447,21,21: The Daily Show with Trevor Noah,7c2d44b4-c8b1-43a9-9bfc-32af988eab20,The Daily Show with Trevor Noah
14fad1f2-0506-44a8-841e-10322fbab032,21014,014,"October 20, 2015 - Judah Friedlander",1445396400,http://www.cc.com/full-episodes/8uwa5p/the-daily-show-with-trevor-noah-october-20--2015---judah-friedlander-season-21-ep-21014,general audience,"Jordan Klepper dissects racial diversity in ""Star Wars,"" Wolf Blitzer shames presidential hopeful Lincoln Chafee, and Judah Friedlander discusses ""If the Raindrops United.""",1290,http://1.images.comedycentral.com/images/shows/tds/videos/season_21/21014/ds_21_014.jpg,1445396400,"225,355",,14a0c915-02b6-4dbe-8053-873c1f417447,21,21: The Daily Show with Trevor Noah,7c2d44b4-c8b1-43a9-9bfc-32af988eab20,The Daily Show with Trevor Noah
162f8612-0868-44fc-843e-7e8123172615,21013,019,"October 19, 2015 - Martin O'Malley",1445310000,http://www.cc.com/full-episodes/3wl9lc/the-daily-show-with-trevor-noah-october-19--2015---martin-o-malley-season-21-ep-21013,general audience,"CNN declares Hillary Clinton the winner of the first Democratic debate, Donald Trump and Jeb Bush argue on Twitter, and Martin O'Malley discusses his presidential bid.",1289,http://1.images.comedycentral.com/images/shows/tds/videos/season_21/21013/ds_21_013.jpg,1445310000,"242,360",,14a0c915-02b6-4dbe-8053-873c1f417447,21,21: The Daily Show with Trevor Noah,7c2d44b4-c8b1-43a9-9bfc-32af988eab20,The Daily Show with Trevor Noah
9687200d-f933-4a94-9da7-e699ea8f84c7,21012,012,"October 15, 2015 - Jack Black",1444964400,http://www.cc.com/full-episodes/nhhclt/the-daily-show-with-trevor-noah-october-15--2015---jack-black-season-21-ep-21012,general audience,"The FBI investigates fantasy sports sites for insider trading, an Illinois mayor falls victim to a Twitter parody account, and Jack Black discusses his film ""Goosebumps.""",1288,http://1.images.comedycentral.com/images/shows/tds/videos/season_21/21012/ds_21_012.jpg,1444964400,"260,673",,14a0c915-02b6-4dbe-8053-873c1f417447,21,21: The Daily Show with Trevor Noah,7c2d44b4-c8b1-43a9-9bfc-32af988eab20,The Daily Show with Trevor Noah
fc96300a-3873-4c3f-af2b-d7d0b3e81e65,21011,011,"October 14, 2015 - Tom Hiddleston",1444878000,http://www.cc.com/full-episodes/hhmu4e/the-daily-show-with-trevor-noah-october-14--2015---tom-hiddleston-season-21-ep-21011,general audience,"The Best F#@king News Team Ever recaps the Democratic presidential debate, CNN unleashes its best Las Vegas puns, and Tom Hiddleston discusses his movie ""Crimson Peak.""",1288,http://1.images.comedycentral.com/images/shows/tds/videos/season_21/21011/ds_21_011.jpg,1444878000,"239,537",,14a0c915-02b6-4dbe-8053-873c1f417447,21,21: The Daily Show with Trevor Noah,7c2d44b4-c8b1-43a9-9bfc-32af988eab20,The Daily Show with Trevor Noah
f77e97da-b22f-4363-9bee-0ad129f0d5c9,21010,010,"October 13, 2015 - Richard Dawkins",1444791600,http://www.cc.com/full-episodes/9ce7v1/the-daily-show-with-trevor-noah-october-13--2015---richard-dawkins-season-21-ep-21010,general audience,"Republicans court Paul Ryan for Speaker of the House, Lewis Black examines how businesses attract millennials, and Richard Dawkins discusses ""Brief Candle in the Dark.""",1289,http://1.images.comedycentral.com/images/shows/tds/videos/season_21/21010/ds_21_010.jpg,1444791600,"227,061",,14a0c915-02b6-4dbe-8053-873c1f417447,21,21: The Daily Show with Trevor Noah,7c2d44b4-c8b1-43a9-9bfc-32af988eab20,The Daily Show with Trevor Noah
ad9b2480-550a-490c-a712-aa6c26973ae5,21009,009,"October 12, 2015 - Ta-Nehisi Coates",1444705200,http://www.cc.com/full-episodes/ss4e1q/the-daily-show-with-trevor-noah-october-12--2015---ta-nehisi-coates-season-21-ep-21009,general audience,"Roy Wood Jr. visits the Justice or Else rally, CNN gets ready to host the first Democratic presidential debate, and Ta-Nehisi Coates discusses mass incarceration in the U.S.",1289,http://1.images.comedycentral.com/images/shows/tds/videos/season_21/21009/ds_21_009.jpg,1444705200,"219,521",,14a0c915-02b6-4dbe-8053-873c1f417447,21,21: The Daily Show with Trevor Noah,7c2d44b4-c8b1-43a9-9bfc-32af988eab20,The Daily Show with Trevor Noah
2228c500-a42f-4041-a2fa-5c7852fd06ee,21008,008,"October 8, 2015 - Rachel Maddow",1444359600,http://www.cc.com/episodes/muo1tz/the-daily-show-with-trevor-noah-october-8--2015---rachel-maddow-season-21-ep-21008,general audience,"Hasan Minhaj investigates a fair-hiring campaign for former offenders, Rupert Murdoch endorses Ben Carson, and Rachel Maddow weighs in on the 2016 election.",1310,http://1.images.comedycentral.com/images/shows/tds/videos/season_21/21008/ds_02008_massive2.jpg,1444359600,"286,539",,14a0c915-02b6-4dbe-8053-873c1f417447,21,21: The Daily Show with Trevor Noah,7c2d44b4-c8b1-43a9-9bfc-32af988eab20,The Daily Show with Trevor Noah
3aba0ada-1d79-4500-aea8-1a90746faf2b,21007,007,"October 7, 2015 - Evgeny Afineevsky",1444273200,http://www.cc.com/episodes/nut019/the-daily-show-with-trevor-noah-october-7--2015---evgeny-afineevsky-season-21-ep-21007,general audience,"Ben Carson defends his response to a school shooting in Oregon, Ronny Chieng explores virtual reality, and Evgeny Afineevsky discusses his documentary ""Winter on Fire.""",1163,http://1.images.comedycentral.com/images/shows/tds/videos/season_21/21007/ds_21_007.jpg,1444273200,"248,564",,14a0c915-02b6-4dbe-8053-873c1f417447,21,21: The Daily Show with Trevor Noah,7c2d44b4-c8b1-43a9-9bfc-32af988eab20,The Daily Show with Trevor Noah
ecb460f4-4aef-4a29-9be6-8087cd3621b2,21006,006,"October 6, 2015 - Aaron Sorkin",1444186800,http://www.cc.com/episodes/5vlkdo/the-daily-show-with-trevor-noah-october-6--2015---aaron-sorkin-season-21-ep-21006,general audience,"Jordan Klepper weighs in on the ethics of using service apps like Uber, robots threaten the jobs of journalists, and screenwriter Aaron Sorkin discusses his film ""Steve Jobs.""",1183,http://1.images.comedycentral.com/images/shows/tds/videos/season_21/21006/ds_21_006.jpg,1444186800,"237,187",,14a0c915-02b6-4dbe-8053-873c1f417447,21,21: The Daily Show with Trevor Noah,7c2d44b4-c8b1-43a9-9bfc-32af988eab20,The Daily Show with Trevor Noah
475c3d04-0dc5-4e71-a525-3fb4c81dc689,21005,005,"October 5, 2015 - Seth Rogen",1444100400,http://www.cc.com/episodes/38if7u/the-daily-show-with-trevor-noah-october-5--2015---seth-rogen-season-21-ep-21005,general audience,"Trevor examines pro-lifers' stance on guns, Jessica Williams finds an efficient way to report on a mass shooting in Oregon, and Seth Rogen discusses his film ""Steve Jobs.""",1156,http://1.images.comedycentral.com/images/shows/tds/videos/season_21/21005/ds_21_005.jpg,1444100400,"264,066",,14a0c915-02b6-4dbe-8053-873c1f417447,21,21: The Daily Show with Trevor Noah,7c2d44b4-c8b1-43a9-9bfc-32af988eab20,The Daily Show with Trevor Noah
cfa2e2cd-1c07-461f-a6e3-f029b98ea21f,21004,004,"October 1, 2015 - Ryan Adams",1443754800,http://www.cc.com/episodes/5wjyj9/the-daily-show-with-trevor-noah-october-1--2015---ryan-adams-season-21-ep-21004,general audience,"Donald Trump proves to be a viable African president, The Best F#@king News Team Ever celebrates autumn, and Ryan Adams covers Taylor Swift's songs from his album ""1989.""",963,http://1.images.comedycentral.com/images/shows/tds/videos/season_21/21004/ds_21_004.jpg,1443754800,"371,195",,14a0c915-02b6-4dbe-8053-873c1f417447,21,21: The Daily Show with Trevor Noah,7c2d44b4-c8b1-43a9-9bfc-32af988eab20,The Daily Show with Trevor Noah
b90fd63e-806f-4c52-b389-4a30d4c58b2e,21003,003,"September 30, 2015 - Chris Christie",1443668400,http://www.cc.com/episodes/h42n5j/the-daily-show-with-trevor-noah-september-30--2015---chris-christie-season-21-ep-21003,general audience,"Jordan Klepper and Roy Wood Jr. investigate police bias, Al Madrigal looks into espionage rumors at the Waldorf Astoria, and Chris Christie discusses his presidential bid.",1206,http://1.images.comedycentral.com/images/shows/tds/videos/season_21/21003/ds_21_003.jpg,1443668400,"332,223",,14a0c915-02b6-4dbe-8053-873c1f417447,21,21: The Daily Show with Trevor Noah,7c2d44b4-c8b1-43a9-9bfc-32af988eab20,The Daily Show with Trevor Noah
5c435620-b57e-4734-982e-352be000ffe5,21002,002,"September 29, 2015 - Whitney Wolfe",1443582000,http://www.cc.com/full-episodes/kcg7i5/the-daily-show-with-trevor-noah-september-29--2015---whitney-wolfe-season-21-ep-21002,general audience,"President Obama and Vladimir Putin meet for an uncomfortable dinner, ISIS fills the black market with ancient relics, and Bumble founder Whitney Wolfe discusses dating trends.",1287,http://1.images.comedycentral.com/images/shows/tds/videos/season_21/21002/ds_21_002.jpg,1443582000,"354,455",,14a0c915-02b6-4dbe-8053-873c1f417447,21,21: The Daily Show with Trevor Noah,7c2d44b4-c8b1-43a9-9bfc-32af988eab20,The Daily Show with Trevor Noah
7fed09e3-a13a-4635-ab29-9c875aba6858,21001,001,"September 28, 2015 - Kevin Hart",1443495600,http://www.cc.com/full-episodes/q4l3vh/the-daily-show-with-trevor-noah-september-28--2015---kevin-hart-season-21-ep-21001,general audience,"John Boehner resigns as Speaker of the House, NASA finds evidence of water on Mars, and comedian Kevin Hart discusses his film ""Ride Along 2"" and his ""What Now"" tour.",1288,http://1.images.comedycentral.com/images/shows/tds/videos/season_21/21001/ds_21_001.jpg,1443495600,"562,347",,14a0c915-02b6-4dbe-8053-873c1f417447,21,21: The Daily Show with Trevor Noah,7c2d44b4-c8b1-43a9-9bfc-32af988eab20,The Daily Show with Trevor Noah
