number,airdate,url,name,description
1,09/08/15,http://www.imdb.com/title/tt4470510/,George Clooney/Governor Jeb Bush/Mavis Staples & Friends,"Stephen Colbert succeeds David Letterman as ""Late Show"" host, with his first guests George Clooney and Governor Jeb Bush. Also: Mavis Staples performs with various additional guests; Jonathan Batiste and Stay Human debut as the house band."
2,09/09/15,http://www.imdb.com/title/tt4865772/,Scarlett Johansson/Elon Musk/Kendrick Lamar,Scarlett Johansson (Avengers: Age of Ultron (2015)); SpaceX and Tesla Motors CEO Elon Musk. Also: Kendrick Lamar performs.
3,09/10/15,http://www.imdb.com/title/tt4865770/,Vice President Joe Biden/Travis Kalanick/Toby Keith,Vice President Joe Biden; Uber CEO Travis Kalanick. Also: Toby Keith performs.
4,09/11/15,http://www.imdb.com/title/tt4865768/,Amy Schumer/Stephen King/Troubled Waters,Amy Schumer (Trainwreck (2015)); author Stephen King; Paul Simon performs.
5,09/14/15,http://www.imdb.com/title/tt5003200/,Emily Blunt/Justice Stephen Breyer/The Dead Weather,Actress Emily Blunt (Sicario (2015)); Supreme Court justice Stephen Breyer; The Dead Weather performs.
6,09/15/15,http://www.imdb.com/title/tt5003208/,Jake Gyllenhaal/Apple CEO Tim Cook/Run the Jewels & TV on the Radio,Actor Jake Gyllenhaal (Everest (2015)); Apple CEO Tim Cook; Run the Jewels performs with TV on the Radio.
7,09/16/15,http://www.imdb.com/title/tt5003218/,Kevin Spacey/Carol Burnett/Abbi Jacobson & Ilana Glazer/Willie Nelson & John Mellencamp,Actor Kevin Spacey; TV legend Carol Burnett with comics Abbi Jacobson and Ilana Glazer; Willie Nelson and John Mellencamp are interviewed and perform.
8,09/17/15,http://www.imdb.com/title/tt5003230/,Trevor Noah/Ban Ki-Moon/Chris Stapleton,Trevor Noah (The Daily Show (1996)); United Nations secretary-general Ban Ki-moon. Also: Chris Stapleton performs.
9,09/18/15,http://www.imdb.com/title/tt5003246/,"Lupita Nyong'o/Sen. Bernie Sanders/Cast of ""An American in Paris""","Actress Lupita Nyong'o; Sen. Bernie Sanders (D-Ind.-Vt.); a performance from ""An American in Paris"" stars Christopher Wheeldon, Robert Fairchild and Leanne Cope."
10,09/21/15,http://www.imdb.com/title/tt5017722/,Steph Curry/Sen. Ted Cruz/Don Henley,NBA MVP Stephen Curry; 2016 Republican presidential candidate Sen. Ted Cruz (R-Texas). Also: Don Henley performs.
11,09/22/15,http://www.imdb.com/title/tt5017742/,Donald Trump/Ernest Moniz/Raury,2016 presidential candidate Donald Trump; U.S. Secretary of Energy Ernest Moniz. Also: Raury performs.
12,09/23/15,http://www.imdb.com/title/tt5017752/,Hugh Jackman/Sen. Elizabeth Warren/Pearl Jam,Hugh Jackman (Pan (2015)); Sen. Elizabeth Warren (D-Mass.). Also: Pearl Jam perform.
13,09/24/15,http://www.imdb.com/title/tt5017758/,Andrew Sullivan/Maria Shriver/Jim Gaffigan/Archbishop Thomas Wenski,Author Andrew Sullivan; journalist and activist Maria Shriver; comedian Jim Gaffigan (The Jim Gaffigan Show (2015)); Archbishop Thomas Wenski. Also: The YMCA Jerusalem Youth Chorus and the Choir of St. Jean Baptiste perform.
14,09/25/15,http://www.imdb.com/title/tt5017766/,Malala Yousafzai/Kerry Washington/The Arcs,Nobel Prize Laureate Malala Yousafzai (He Named Me Malala (2015)); Kerry Washington (Scandal (2012)). Also: The Arcs perform.
15,09/28/15,http://www.imdb.com/title/tt5060616/,Michelle Obama/Mindy Kaling/John Legend,First Lady Michelle Obama; Mindy Kaling (The Mindy Project (2012)). Also: John Legend performs.
16,09/29/15,http://www.imdb.com/title/tt5060618/,Ellen Page/Jesse Eisenberg/Dominic Wilcox,Ellen Page (Freeheld (2015)); Jesse Eisenberg (Louder Than Bombs (2015)); inventor/designer Dominic Wilcox.
17,09/30/15,http://www.imdb.com/title/tt5060620/,Elizabeth Gilbert/John Oliver/Evan Spiegel/Bill Withers/Ed Sheeran,Elizabeth Gilbert; John Oliver; Snapchat co-founder Evan Spiegel; singer/songwriter Bill Withers. Also: Ed Sheeran performs.
18,10/01/15,http://www.imdb.com/title/tt5060634/,Secretary of State John Kerry/Claire Danes/PewDiePie,Secretary of State John Kerry; Claire Danes (Homeland (2011)); comic Felix Kjellberg (aka PewDiePie).
19,10/02/15,http://www.imdb.com/title/tt5060638/,Morgan Freeman/Ruth Wilson/Sean Murray,Morgan Freeman (Momentum (2015)); Ruth Wilson (The Affair (2014)); Hello Games co-founder Sean Murray.
20,10/05/15,http://www.imdb.com/title/tt5073574/,John McCain/Yo-Yo Ma/Misty Copeland,Sen. John McCain (R-Ariz.); cellist Yo-Yo Ma; a performance by ballerina Misty Copeland.
21,10/06/15,http://www.imdb.com/title/tt5073596/,Bill Clinton/Billy Eichner/Florence and the Machine,Bill Clinton; comedian Billy Eichner (Parks and Recreation (2009) and Difficult People (2015)). Also: Florence and the Machine perform.
22,10/07/15,http://www.imdb.com/title/tt5101686/,Gina Rodriguez/Ben Bernanke/Tame Impala,Gina Rodriguez (Jane the Virgin (2014)); economist Ben Bernanke. Also: Tame Impala perform.
23,10/08/15,http://www.imdb.com/title/tt5073590/,Cate Blanchett/Airbnb CEO Brian Chesky,Cate Blanchett (Truth (2015)); Airbnb CEO Brian Chesky; Dartmonth College football dummy.
24,10/09/15,http://www.imdb.com/title/tt5101692/,James Corden/Shane Smith/Halsey,James Corden (The Late Late Show with James Corden (2015)); Vice Media CEO Shane Smith. Also: Halsey performs.
25,10/12/15,http://www.imdb.com/title/tt5101690/,Carey Mulligan/Elvis Costello/Darlene Love,"Carey Mulligan (The Walker (2015)); author Elvis Costello (book ""Unfaithful Music""). Also: Darlene Love performs."
26,10/13/15,http://www.imdb.com/title/tt5101694/,Sarah Silverman/Elijah Wood/The Legends of Zelda: Symphony of the Goddesses,Sarah Silverman (Gravy (2015)); Elijah Wood (The Last Witch Hunter (2015)). Also: a performance from 'The Legend of Zelda: Symphony of the Goddesses'.
27,10/14/15,http://www.imdb.com/title/tt5101696/,Jack Black/Nick Woodman/Michelle Dorrance,Jack Black (Goosebumps (2015)); GoPro CEO Nick Woodman. Also: a performance by tap dancer Michelle Dorrance.
28,10/15/15,http://www.imdb.com/title/tt5101700/,Oprah Winfrey/Joseph Fink & Jeffrey Cranor/Judith Hill,"Oprah Winfrey; Joseph Fink and Jeffrey Cranor, creators of the podcast ""Welcome to Night Vale"". Also: Judith Hill performs."
29,10/16/15,http://www.imdb.com/title/tt5101698/,"Jimmy Kimmel/""Crimson Peak"" Cast/Beach House","Jimmy Kimmel (Jimmy Kimmel Live! (2003)); Crimson Peak (2015) cast members Jessica Chastain, Tom Hiddleston and Mia Wasikowska, director Guillermo del Toro. Also: Beach House perform."
30,10/26/15,http://www.imdb.com/title/tt5121854/,Sienna Miller/Melissa Benoist/Chance the Rapper,Sienna Miller (Burnt (2015)); Melissa Benoist (Supergirl (2015)). Also: Chance The Rapper performs.
31,10/27/15,http://www.imdb.com/title/tt5121838/,Hillary Clinton/Anthony Bourdain/Carrie Brownstein/Lianne La Navas,Hillary Clinton; Anthony Bourdain; author Carrie Brownstein. Also: Lianne La Havas sits in with Jonathan Batiste and Stay Human.
32,10/28/15,http://www.imdb.com/title/tt5121842/,Julianna Margulies/Jonathan Franzen/Alabama Shakes,Julianna Margulies (The Good Wife (2009)); author Jonathan Franzen. Also: Alabama Shakes perform.
33,10/29/15,http://www.imdb.com/title/tt5121844/,Seth MacFarlane/Neil DeGrasse Tyson,Seth MacFarlane performs and is interviewed. Also: astrophysicist Neil deGrasse Tyson.
34,10/30/15,http://www.imdb.com/title/tt5121848/,Charlie Rose/Stacy Schiff/Ghost/The Zombies,Charlie Rose (CBS This Morning (2012)); Stacy Schiff. Also: Ghost performs; The Zombies perform with Jonathan Batiste and Stay Human.
35,11/02/15,http://www.imdb.com/title/tt5121852/,Allison Janney/Colin Quinn/Margaret Cho,Allison Janney (Mom (2013)); comedian Colin Quinn (Trainwreck (2015)); comedian Margaret Cho (Tooken (2015)).
36,11/03/15,http://www.imdb.com/title/tt5165486/,Antonio Banderas/Reed Hastings/John Irving,Antonio Banderas (The 33 (2015)); Netflix CEO Reed Hastings; author John Irving.
37,11/04/15,http://www.imdb.com/title/tt5165490/,Daniel Craig/Elizabeth Gilbert/Dr. Eugenia Cheng,Daniel Craig (Spectre (2015)); author Elizabeth Gilbert; interview and demonstration with Dr. Eugenia Cheng.
38,11/05/15,http://www.imdb.com/title/tt5165492/,Bryan Cranston/Karl Ove Knausgaard/Shamir,Bryan Cranston (Trumbo (2015)); author Karl Ove Knausgård. Also: Shamir performs.
39,11/06/15,http://www.imdb.com/title/tt5165494/,Whoopi Goldberg/Gov. John Kasich/Glen Hansard,Whoopi Goldberg (The View (1997)); 2016 Republican presidential candidate Gov. John Kasich (R-Ohio). Also: Glen Hansard performs.
40,11/09/15,http://www.imdb.com/title/tt5165496/,Ethan Hawke/Sen. Claire McCaskill & Sen. Amy Klobuchar/Nathaniel Ratcliff & the Night Sweats,"Ethan Hawke; Sen. Claire McCaskill (D-Mo.) and Sen. Amy Klobuchar (D-Minn.). Also: Nathaniel Rateliff and ""The Night Sweats"" perform."
41,11/10/15,http://www.imdb.com/title/tt5182280/,Aziz Ansari/Shonda Rhimes/Bruce Campbell & Lucy Lawless,Comedian Aziz Ansari (Master of None (2015)); producer Shonda Rhimes; Bruce Campbell and Lucy Lawless (Ash vs Evil Dead (2015)).
42,11/11/15,http://www.imdb.com/title/tt5182286/,Viola Davis/Brian Greene/George Ezra,Viola Davis (How to Get Away with Murder (2014)); physicist Brian Greene. Also: George Ezra performs.
43,11/12/15,http://www.imdb.com/title/tt5182282/,Jennifer Connelly/Judd Apatow/The Internet,Jennifer Connelly (Shelter (2014)); director Judd Apatow. Also: Sydney Bennett and Matt Martians perform.
44,11/13/15,http://www.imdb.com/title/tt5182288/,Mark Ruffalo/John Cleese/Micheal Flatley,Mark Ruffalo (Spotlight (2015)); John Cleese (Absolutely Anything (2015)). And: Michael Flatley performs.
45,11/16/15,http://www.imdb.com/title/tt5182292/,Capt. Florent Groberg/Bill Maher/Shepard Fairey/The Acro-Cats,Medal of Honor recipient Capt. Florent Groberg (USA-Ret); Bill Maher; artist-author Shepard Fairey. Also: The Acro-Cats perform.
46,11/17/15,http://www.imdb.com/title/tt5200766/,Julianne Moore/Burt Reynolds/Public Image Ltd./CeeLo Green,"Julianne Moore (The Hunger Games: Mockingjay - Part 2 (2015)); author Burt Reynolds (book, ""But Enough About Me""). Also: Public Image Ltd. perform; CeeLo Green sits in with Jonathan Batiste and Stay Human."
47,11/18/15,http://www.imdb.com/title/tt5200768/,Sharon Stone/Justin Theroux/James Taylor,Sharon Stone (Agent X (2015)); Justin Theroux (The Leftovers (2014)). Also: James Taylor performs.
48,11/19/15,http://www.imdb.com/title/tt5200770/,Jane Fonda/Andrew Lloyd Webber/Brandon Niederauer,Jane Fonda (Youth (2015) and Grace and Frankie (2015)); interview and performance by Andrew Lloyd Webber; Brandon Niederauer (Here Comes Rusty (2016)).
49,11/20/15,http://www.imdb.com/title/tt5200774/,Michael Caine/Larry Wilmore/Boots/Vulfpeck,Michael Caine (Youth (2015)); Larry Wilmore. Also: Jordan Asher (aka Boots) performs; Vulfpeck sit in with Jonathan Batiste and Stay Human.
50,11/23/15,http://www.imdb.com/title/tt5200776/,Sylvester Stallone/Ted Koppel/My Morning Jacket,Sylvester Stallone (Creed (2015)); Ted Koppel; NASCAR Sprint Cup champion Kyle Busch. Also: My Morning Jacket perform.
51,11/24/15,http://www.imdb.com/title/tt5218904/,Spike Lee/Andy Cohen/Carly Simon,Director Spike Lee (Chi-Raq (2015)); Andy Cohen (Watch What Happens: Live (2009)). Also: Carly Simon performs.
52,11/25/15,http://www.imdb.com/title/tt5218906/,Gloria Estefan/Navy Seal Eric Greitens/Jake Wood/Chef Daniel Boulud,Gloria Estefan; Navy SEAL Eric Greitens; former marine sniper Jake Wood; chef Daniel Boulud.
53,12/07/15,http://www.imdb.com/title/tt5218908/,Steve Carell/Jennifer Hudson,"Steve Carell (The Big Short (2015)). Also: Jennifer Hudson is interviewed and performs a number from the Broadway musical, ""The Color Purple""."
54,12/08/15,http://www.imdb.com/title/tt5218912/,Marion Cotillard/George Saunders/Joanna Newsom,Marion Cotillard (Macbeth (2015)); author George Saunders. Also: Joanna Newsom performs.
55,12/09/15,http://www.imdb.com/title/tt5218914/,"Cast of ""Downton Abbey""/Adam McKay/Kurt Vile","Downton Abbey (2010) cast members Michelle Dockery, Hugh Bonneville and Allen Leech; director Adam McKay (Kevin (2015)). Also: Kurt Vile performs."
56,12/10/15,http://www.imdb.com/title/tt5240820/,Bruce Willis/Michael Lewis/Lizzo,Bruce Willis (Extraction (2015)); author Michael Lewis. Also: Melissa Jefferson (aka Lizzo) performs.
57,12/11/15,http://www.imdb.com/title/tt5240814/,Lin-Manuel Miranda/Ike Barinholtz/Sharon Jones & the Dap Kings,Actor/playwright Lin-Manuel Miranda; Ike Barinholtz (Sisters (2015) and The Mindy Project (2012)). Also: Sharon Jones and The Dap-Kings perform.
58,12/14/15,http://www.imdb.com/title/tt5240826/,Jennifer Lawrence/Doris Kearns Goodwin/Sleater-Kinney,Jennifer Lawrence (Joy (2015)); historian Doris Kearns Goodwin. Also: Sleater-Kinney perform.
59,12/15/15,http://www.imdb.com/title/tt5240822/,Quentin Tarantino/Jonathan Groff/Squeeze,Director Quentin Tarantino (The Hateful Eight (2015)); Jonathan Groff (Looking (2014)). Also: Squeeze perform.
60,12/16/15,http://www.imdb.com/title/tt5265934/,Robert De Niro/Daniel Gilbert/Henry Rollins,Robert De Niro (Joy (2015)); author Daniel Gilbert; comic Henry Rollins.
61,12/17/15,http://www.imdb.com/title/tt5265940/,Michael Moore/Samantha Power/Michael C. Hall,"Michael Moore (Where to Invade Next (2015)); Samantha Power, U.S. Ambassador to the United Nations; Michael C. Hall (Christine (2016)). Also: a performance from the Broadway musical, ""Lazarus""."
62,12/18/15,http://www.imdb.com/title/tt5265942/,Mandy Patinkin/Kayvon Beykpour/Leon Bridges,"Mandy Patinkin (Homeland (2011)); Kayvon Beykpour, CEO and co-founder of ""Periscope"". Also: Leon Bridges performs."
63,01/04/16,http://www.imdb.com/title/tt5265944/,Samuel L. Jackson/Olivia Hallisey/Foals,Samuel L. Jackson (The Hateful Eight (2015)); Google Science Fair winner Olivia Hallisey. Also: Foals perform.
64,01/05/16,http://www.imdb.com/title/tt5297166/,John Krasinski/Killer Mike/George Church/Foals,John Krasinski (13 Hours: The Secret Soldiers of Benghazi (2016) and The Hollars (2016)); hip-hop artist Killer Mike; geneticist George Church. Also: Foals perform.
65,01/06/16,http://www.imdb.com/title/tt5265946/,Jerry Seinfeld/Sen. Rand Paul/Andra Day,Jerry Seinfeld is interviewed and performs stand-up; presidential candidate Sen. Rand Paul (R-Ky.). Also: Andra Day performs.
66,01/07/16,http://www.imdb.com/title/tt5297194/,Damian Lewis/America Ferrera/FloydLittle's Double Dutch Team,Damian Lewis (Billions (2016); America Ferrera (Superstore (2015)). Also: 'FloydLittle's Double Dutch Team' perform.
67,01/08/16,http://www.imdb.com/title/tt5297190/,Matthew Broderick/Sarah Parcak/Kacey Musgraves,Matthew Broderick; space archaeologist Sarah Parcak. Also: Kacey Musgraves performs.
68,01/11/16,http://www.imdb.com/title/tt5325962/,Jane Lynch/HUD Secretary Julian Castro/EL VY,Jane Lynch (Hollywood Game Night (2013) and Angel from Hell (2016)); HUD Secretary Julian Castro. Also: EL VY perform.
69,01/12/16,http://www.imdb.com/title/tt5325968/,Saoirse Ronan/Jeremy Stoppelman/Laura Ricciardi & Moira Demos/James Bay,Saoirse Ronan (Brooklyn (2015)); Yelp CEO Jeremy Stoppelman; documentary filmmakers Laura Ricciardi and Moira Demos (Making a Murderer (2015)). Also: James Bay performs.
70,01/13/16,http://www.imdb.com/title/tt5325964/,Paul Giamatti/Guerilla Girls/J.B. Mauney,Paul Giamatti (Billions (2016)); Guerrilla Girls; professional bull-rider J.B. Mauney.
71,01/14/16,http://www.imdb.com/title/tt5325970/,Olivia Munn/T.J. Miller/Father John Misty,Olivia Munn (Ride Along 2 (2016)); T.J. Miller (21st Annual Critics' Choice Awards (2016)). Also: Father John Misty performs.
72,01/15/16,http://www.imdb.com/title/tt5325974/,Scott Kelly/Abby Wambach/Maria Bamford,Astronaut Scott Kelly; soccer legend Abby Wambach; comedian Maria Bamford.
73,01/18/16,http://www.imdb.com/title/tt5346688/,Patricia Heaton/Quincy Jones/DeRay Mckesson/Grace,Patricia Heaton (The Middle (2009)); Quincy Jones; civil rights activist DeRay McKesson. Also: Grace Sewell performs.
74,01/19/16,http://www.imdb.com/title/tt5346692/,Charlie Day/Colin Hanks/Margo Price,Charlie Day (It's Always Sunny in Philadelphia (2005) and Vacation (2015)); Colin Hanks (Life in Pieces (2015) and Vacation (2015)). Also: Margo Price performs.
75,01/20/16,http://www.imdb.com/title/tt5346690/,James Spader/Brandon Marshall/Sarah Koenig/Rev Run,"James Spader (The Blacklist (2013)); the NFL's Brandon Marshall; ""Serial"" podcast host Sarah Koenig; Joseph Simmons (aka Rev Run)."
76,01/21/16,http://www.imdb.com/title/tt5346694/,Christian Slater/Josh Radnor/Iggy Pop,Christian Slater (Mr. Robot (2015)); Josh Radnor (Mercy Street (2016)). Also: Iggy Pop performs.
77,01/22/16,http://www.imdb.com/title/tt5346696/,Steven Tyler/Gaby Hoffmann/Lapsley,Stephen Tyler; Gaby Hoffmann (Transparent (2014)). Also: Låpsley performs.
78,01/25/16,http://www.imdb.com/title/tt5346702/,Donald Rumsfeld/Russell Westbrook/Anderson Paak & the Free Nationals,"Former U.S. Secretary of Defense Donald Rumsfeld; the NBA's Russell Westbrook. Also: Anderson Paak and the ""Free Nationals"" perform."
79,01/26/16,http://www.imdb.com/title/tt5366406/,Laurence Fishburne/Sarah Paulson/Woke,Laurence Fishburne (Batman v Superman: Dawn of Justice (2016) and Black-ish (2014)); Sarah Paulson (American Crime Story (2016) and American Horror Story (2011)); Michael Novacek of the American Museum of Natural History; Lake Street Dive. Also: Woke perform.
80,01/27/16,http://www.imdb.com/title/tt5366408/,Chris Pine/Danielle Brooks/Jonah Reider/Baauer,Chris Pine (The Finest Hours (2016)); Danielle Brooks (Orange Is the New Black (2013)); Columbia University student Jonah Reider. Also: Harry Rodrigues (aka Baauer) performs.
81,01/28/16,http://www.imdb.com/title/tt5366412/,Josh Brolin/John Dickerson/Erin Brockovich/Aubrie Sellers,"Josh Brolin (""Hail, Caesar"" (2016)); John Dickerson, host of Face the Nation (1954); environmental activist Erin Brockovich-Ellis. Also: Aubrie Sellers performs."
82,02/01/16,http://www.imdb.com/title/tt5366416/,John Travolta & Courtney B. Vance/Amy Cuddy/John Moreland,John Travolta and Courtney B. Vance (American Crime Story (2016)); author Amy Cuddy. Also: John Moreland performs.
83,02/02/16,http://www.imdb.com/title/tt5366428/,David Schwimmer/Pastor Joel Osteen/M. Ward,David Schwimmer (American Crime Story (2016)); pastor Joel Osteen. Also: M. Ward performs.
84,02/03/16,http://www.imdb.com/title/tt5346700/,Dr. Phil McGraw/Mark & Jay Duplass/Michael Eric Dyson/Anderson Paak & the Free Nationals,Phil McGraw (Dr. Phil (2002)); producers Mark Duplass and Jay Duplass (Togetherness (2015)); author Michael Eric Dyson. Also: Anderson Paak and the Free Nationals perform.
85,02/04/16,http://www.imdb.com/title/tt5366410/,Michael Strahan/Samantha Bee/Wilco,Michael Strahan (Live with Kelly and Michael (1988)); Samantha Bee (Sisters (2015)). Also: Wilco perform.
86,02/05/16,http://www.imdb.com/title/tt5423812/,Bobby Cannavale/Donny Deutsch/Charles Kelley,Bobby Cannavale (Vinyl (2016)); advertising executive Donny Deutsch (Donny! (2015)). Also: Charles Kelley performs.
87,02/07/16,http://www.imdb.com/title/tt5423814/,Tina Fey & Margot Robbie/Will Ferrell/Megyn Kelly/Keegan-Michael Key & Jordan Peele,"Special live program following Super Bowl 50 (2016) featuring Tina Fey and Margot Robbie (Whiskey Tango Foxtrot (2016)), Will Ferrell (Zoolander 2 (2016)), Megyn Kelly (The Kelly File (2013)) and Keegan-Michael Key and Jordan Peele (Keanu (2016))."
88,02/08/16,http://www.imdb.com/title/tt5423818/,Bill O'Reilly/Eddie George/Macklemore & Ryan Lewis,Bill O'Reilly (The O'Reilly Factor (1996)); former NFL star Eddie George. Also: Macklemore and Ryan Lewis perform.
89,02/09/16,http://www.imdb.com/title/tt5423822/,Olivia Wilde/Christiane Amanpour,Olivia Wilde (Vinyl (2016)); journalist Christiane Amanpour. Also: Jonathan Batiste and Stay Human perform.
90,02/10/16,http://www.imdb.com/title/tt5423816/,Ben Stiller/Sen. Bernie Sanders/TAO: Seventeen Samurai,Ben Stiller (Zoolander 2 (2016)); 2016 Democratic presidential candidate Sen. Bernie Sanders (D-Vt.). Also: a performance by 'TAO: Seventeen Samurai'.
91,02/11/16,http://www.imdb.com/title/tt5447942/,Kelsey Grammer/Fred Armisen/Sarah McDaniel/Ty Segall & the Muggers,Kelsey Grammer; Fred Armisen (Zoolander 2 (2016) and Portlandia (2011)); Playboy cover model Sarah McDaniel. Also: Ty Segall and the Muggers perform.
92,02/15/16,http://www.imdb.com/title/tt5447950/,Craig Ferguson/Hailey Clauson & Ashley Graham/Cory Booker,Craig Ferguson (Join or Die with Craig Ferguson (2016) and Celebrity Name Game (2014)); Sen. Cory Booker (D-N.J.); models Hailey Clauson and Ashley Graham; world's dart champion Scott Waites.
93,02/16/16,http://www.imdb.com/title/tt5447954/,Eva Longoria/Abbi Jacobson & Ilana Glazer/Lucinda Williams,Eva Longoria (Telenovela (2015)); Abbi Jacobson and Ilana Glazer (Broad City (2014)). Also: Lucinda Williams performs.
94,02/17/16,http://www.imdb.com/title/tt5508118/,Kate Hudson/Governor John Kasich/Courtney Barnett,
95,02/18/16,http://www.imdb.com/title/tt5508120/,Téa Leoni/Amanda Peet/Triumph the Insult Comic Dog,Téa Leoni (Madam Secretary (2014)); Amanda Peet (Togetherness (2015)); Robert Smigel (aka Triumph the Insult Comic Dog); cross-country biker Jeffrey Tanenhaus.
96,02/19/16,http://www.imdb.com/title/tt5487496/,Chelsea Handler/Zosia Mamet/The Lumineers,Chelsea Handler (Chelsea Does (2016)); Zosia Mamet (Girls (2012)). Also: The Lumineers perform.
97,02/22/16,http://www.imdb.com/title/tt5447944/,Casey Affleck/Richard Dreyfuss/Mavis Staples,Casey Affleck (Triple 9 (2016) and The Finest Hours (2016)); Richard Dreyfuss (Madoff (2016)). Also: Mavis Staples performs.
98,02/23/16,http://www.imdb.com/title/tt5489604/,Debra Messing/Zachary Quinto/Violent Femmes,Debra Messing (The Mysteries of Laura (2014)); Zachary Quinto (Tallulah (2016)). Also: Violent Femmes perform.
99,02/24/16,http://www.imdb.com/title/tt5489606/,Adrien Brody/Danai Gurira/Brian Greene,Adrien Brody (Manhattan Night (2016)); Danai Gurira (The Walking Dead (2010)); physicist Brian Greene.
100,02/25/16,http://www.imdb.com/title/tt5489608/,Tim Daly/Krysten Ritter/Jason Isbell,Tim Daly (Madam Secretary (2014)); Krysten Ritter (The Defenders (2017) and Jessica Jones (2015). Also: Jason Isbell performs.
101,02/29/16,http://www.imdb.com/title/tt5489618/,Spike Jonze/Jeffrey Dean Morgan/Jack Garratt,Director Spike Jonze; Jeffrey Dean Morgan (Batman v Superman: Dawn of Justice (2016) and The Good Wife (2009)). Also: Jack Garratt performs.
102,03/01/16,http://www.imdb.com/title/tt5447948/,Chrissy Teigen/Mike Birbiglia/Adam Savage,"Model/author Chrissy Teigen (FabLife (2015)) (book, ""Cravings""); comic Mike Birbiglia (Don't Think Twice (2016)); Adam Savage (MythBusters (2003))."
103,03/02/16,http://www.imdb.com/title/tt5516078/,"Octavia Spencer/John Stamos, Bob Saget & Dave Coulier/Lucius","Octavia Spencer; John Stamos, Bob Saget and Dave Coulier (Fuller House (2016)). Also: Lucius perform."
104,03/03/16,http://www.imdb.com/title/tt5516080/,Christopher Meloni/Edward Byers/Ray LaMontagne,Christopher Meloni (Underground (2016)); medal of honor recipient Edward Byers. Also: Ray Lamontagne performs.
105,03/07/16,http://www.imdb.com/title/tt5516082/,Will Arnett/Charles Barkley/Max Greenfield,"Will Arnett (Flaked (2016)); sports analyst Charles Barkley; Max Greenfield (Hello, My Name Is Doris (2015) and New Girl (2011))."
106,03/08/16,http://www.imdb.com/title/tt5516086/,Helen Mirren/J.J. Abrams/DMA's,"Helen Mirren (Eye in the Sky (2015), Trumbo (2015) and Woman in Gold (2015)); filmmaker J.J. Abrams (10 Cloverfield Lane (2016)). Also: DMA's perform."
107,03/09/16,http://www.imdb.com/title/tt5516084/,Sally Field/Jerrod Carmichael/Esperanza Spalding,"Sally Field (Hello, My Name Is Doris (2015)); Jerrod Carmichael (The Carmichael Show (2015)). Also: Esperanza Spalding performs."
108,03/10/16,http://www.imdb.com/title/tt5516090/,Anna Kendrick/Loretta Lynch/Brian Fallon,Anna Kendrick (Get a Job (2016)); U.S. Attorney General Loretta Lynch. Also: Brian Fallon performs.
109,03/11/16,http://www.imdb.com/title/tt5516094/,Jeff Daniels/Audra McDonald/Mary Elizabeth Winstead,"Jeff Daniels (Allegiant (2016)); Mary Elizabeth Winstead (10 Cloverfield Lane (2016)); Audra McDonald (""Lady Day at Emerson's Bar and Grill"" (2016) (TV))."
110,03/14/16,http://www.imdb.com/title/tt5447946/,John Oliver/Jordan Spieth/New Order,TV host John Oliver (Last Week Tonight with John Oliver (2014)); professional golfer Jordan Spieth. Also: New Order perform.
111,03/15/16,http://www.imdb.com/title/tt5489590/,Steve Martin & Edie Brickell/Shirley MacLaine/Gustavo Dudamel/Los Angeles Philharmonic,Steve Martin and Edie Brickell; Shirley MacLaine (Wild Oats (2016)). Also: an interview with The Los Angeles Philharmonic conductor Gustavo Dudamel and a performance by the orchestra.
112,03/16/16,http://www.imdb.com/title/tt5489610/,Theo James/Jussie Smollett/Laurie Anderson,Theo James (Allegiant (2016)); Jussie Smollett (Empire (2015)). Also: Laurie Anderson performs.
113,03/17/16,http://www.imdb.com/title/tt5516112/,William H. Macy/Melissa Rauch/Isaac Mizrahi,William H. Macy (Shameless (2011)); Melissa Rauch (The Bronze (2015) and The Big Bang Theory (2007)); fashion designer Isaac Mizrahi.
114,03/28/16,http://www.imdb.com/title/tt5574710/,Tom Hiddleston/Laura Benanti/Frightened Rabbit,Tom Hiddleston (The Night Manager (2016)); Laura Benanti (Supergirl (2015) and Nashville (2012)). Also: Frightened Rabbit perform.
115,03/29/16,http://www.imdb.com/title/tt5574702/,Adam Driver/Rachel Bloom/Savages,Adam Driver (Midnight Special (2016) and Girls (2012)); Rachel Bloom (Crazy Ex-Girlfriend (2015)). Also: Savages perform.
116,03/30/16,http://www.imdb.com/title/tt5574706/,Eric Stonestreet/Jason Jones/Sen. Elizabeth Warren,"Eric Stonestreet (Confirmation (2016) and Modern Family (2009)); Jason Jones (The Detour (2016)); Sen. Elizabeth Warren (book, ""A Fighting Chance"")."
117,03/31/16,http://www.imdb.com/title/tt5574704/,"Sarah Paulson/Tatiana Maslany/Wynton Marsalis, Lil Buck & Jared Grimes","Sarah Paulson (American Crime Story (2016)); Tatiana Maslany (Orphan Black (2013) and The Other Half (2016)). Also: Wynton Marsalis, Lil Buck and Jared Grimes perform."
118,04/01/16,http://www.imdb.com/title/tt5574708/,"Steve Buscemi/Benjamin Walker/Cast of Broadway's ""American Psycho""","Steve Buscemi (Horace and Pete (2016)); Benjamin Walker (The King's Daughter (2016) and The Choice (2016)). Also: a performance by the cast of Broadway's ""American Psycho""."
119,04/04/16,http://www.imdb.com/title/tt5591726/,Matthew Perry/Nick Offerman/Explosions in the Sky,Matthew Perry (The Odd Couple (2015)); Nick Offerman (Ice Age: Collision Course (2016)). Also: Explosions in the Sky perform.
120,04/05/16,http://www.imdb.com/title/tt5591728/,Melissa McCarthy & Ben Falcone/Arianna Huffington/Babymetal,Melissa McCarthy and director Ben Falcone (The Boss (2016)); columnist Arianna Huffington. Also: Babymetal perform.
121,04/06/16,http://www.imdb.com/title/tt5591732/,Anna Kendrick & Sam Rockwell/David Duchovny/Autolux,Anna Kendrick and Sam Rockwell (Mr. Right (2015)); David Duchovny (The X-Files (1993)). Also: Autolux perform.
122,04/07/16,http://www.imdb.com/title/tt5591730/,Mindy Kaling/Tituss Burgess/Ken Burns,Mindy Kaling (The Mindy Project (2012)); Tituss Burgess (The Angry Birds Movie (2016) and Unbreakable Kimmy Schmidt (2015)); filmmaker Ken Burns (Defying the Nazis: The Sharps' War (2016)).
123,04/18/16,http://www.imdb.com/title/tt5610890/,Hillary Clinton/Jesse Tyler Ferguson/Katharine McPhee/Sturgill Simpson,
124,04/19/16,http://www.imdb.com/title/tt5626370/,Kevin Spacey/Thomas Middleditch/The Flaming Lips,
125,04/20/16,http://www.imdb.com/title/tt5626372/,Dennis Quaid/Matt Walsh/Charles Bradley,
126,04/21/16,http://www.imdb.com/title/tt5626374/,"Tom Hanks/Leslie Odom, Jr./The Strumbellas/Roy Haynes",
127,04/22/16,http://www.imdb.com/title/tt5648818/,Julia Louis-Dreyfus/Nikolaj Coster-Waldau/Sam Morril,
128,04/25/16,http://www.imdb.com/title/tt5664548/,Michelle Williams/Eddie Huang/Bob Mould,
129,04/26/16,http://www.imdb.com/title/tt5664550/,J. K. Simmons/Jane Krakowski/Chris Wallace,
130,04/27/16,http://www.imdb.com/title/tt5664552/,Susan Sarandon/David Tennant/Catfish & the Bottlemen,Susan Sarandon (The Meddler (2015)); David Tennant (Teenage Mutant Ninja Turtles (2012)). Also: Catfish and the Bottlemen perform.
131,04/28/16,http://www.imdb.com/title/tt5664554/,"Julianna Margulies, Christine Baranski & Matt Czuchry/Hank Azaria/Anderson Cooper","Julianna Margulies, Christine Baranski and Matt Czuchry (The Good Wife (2009)); Hank Azaria; author Anderson Cooper (book, ""The Rainbow Comes and Goes"")."
132,04/29/16,http://www.imdb.com/title/tt5664556/,Anderson Cooper/Mark Feuerstein/Gwen Stefani,Journalist Anderson Cooper; Mark Feuerstein (Royal Pains (2009)). Also: Gwen Stefani performs.
133,05/02/16,http://www.imdb.com/title/tt5664570/,Bill O'Reilly/Morris Chestnut/Deerhunter,Bill O'Reilly (The O'Reilly Factor (1996)); Morris Chestnut (Rosewood (2015) and When the Bough Breaks (2016)). Also: Deerhunter perform.
134,05/03/16,http://www.imdb.com/title/tt5664564/,Dakota Johnson/Sebastian Stan/Lukas Nelson & Promise of the Real,Dakota Johnson (A Bigger Splash (2015) and How to Be Single (2016)); Sebastian Stan (Captain America: Civil War (2016)). Also: Lukas Nelson and Promise of the Real perform.
135,05/04/16,http://www.imdb.com/title/tt5664566/,Anthony Mackie/Rob Reiner/Maxwell,Anthony Mackie (Captain America: Civil War (2016)); director Rob Reiner (Being Charlie (2015)). Also: Maxwell performs.
136,05/05/16,http://www.imdb.com/title/tt5664572/,Judy Sheindlin/Zac Posen/W. Kamau Bell,Judge Judy Sheindlin (Judge Judy (1996)); designer Zac Posen (Project Runway (2004)); comic W. Kamau Bell.
137,05/06/16,http://www.imdb.com/title/tt5664574/,Lily Tomlin/Kumail Nanjiani/Ryan Hamilton,Lily Tomlin (Grace and Frankie (2015)); Kumail Nanjiani (Silicon Valley (2014)). Also: a performance by stand-up comedian Ryan Hamilton.
138,05/09/16,http://www.imdb.com/title/tt5685862/,Kaley Cuoco/Dan Savage/The National,Kaley Cuoco (The Big Bang Theory (2007)); author Dan Savage. Also: The National perform.
139,05/10/16,http://www.imdb.com/title/tt5685864/,Chloe Grace Moretz/Katie Couric/Brian Green/Charlamagne Tha God,Chloë Grace Moretz (Neighbors 2: Sorority Rising (2016)); Katie Couric (Under the Gun (2016)); physicist Brian Greene. Also: Charlamagne Tha God performs.
140,05/11/16,http://www.imdb.com/title/tt5685866/,Kate Beckinsale/B.J. Novak/Desiigner,"Kate Beckinsale (""Love and Friendship"" (2016)); B.J. Novak (The Founder (2016)). Also: Desiigner performs."
141,05/12/16,http://www.imdb.com/title/tt5685868/,Ryan Gosling & Russell Crowe/Jessie Mueller/Animal Collective,Ryan Gosling and Russell Crowe (The Nice Guys (2016)); Jessie Mueller (The Family (2016)). Also: Animal Collective perform.
142,05/13/16,http://www.imdb.com/title/tt5685870/,Matt Bomer/Zach Woods/Nick Griffin,Matt Bomer (The Nice Guys (2016)); Zach Woods (Silicon Valley (2014)); comedian Nick Griffin.
