season,episode_number,air_date,url,name,description
1,1,09/08/15,http://www.imdb.com/title/tt4470510/,George Clooney/Governor Jeb Bush/Mavis Staples & Friends,"Stephen Colbert succeeds David Letterman as ""Late Show"" host, with his first guests George Clooney and Governor Jeb Bush. Also: Mavis Staples performs with various additional guests; Jonathan Batiste and Stay Human debut as the house band."
1,2,09/09/15,http://www.imdb.com/title/tt4865772/,Scarlett Johansson/Elon Musk/Kendrick Lamar,Scarlett Johansson (Avengers: Age of Ultron (2015)); SpaceX and Tesla Motors CEO Elon Musk. Also: Kendrick Lamar performs.
1,3,09/10/15,http://www.imdb.com/title/tt4865770/,Vice President Joe Biden/Travis Kalanick/Toby Keith,Vice President Joe Biden; Uber CEO Travis Kalanick. Also: Toby Keith performs.
1,4,09/11/15,http://www.imdb.com/title/tt4865768/,Amy Schumer/Stephen King/Troubled Waters,Amy Schumer (Trainwreck (2015)); author Stephen King; Paul Simon performs.
1,5,09/14/15,http://www.imdb.com/title/tt5003200/,Emily Blunt/Justice Stephen Breyer/The Dead Weather,Actress Emily Blunt (Sicario (2015)); Supreme Court justice Stephen Breyer; The Dead Weather performs.
1,6,09/15/15,http://www.imdb.com/title/tt5003208/,Jake Gyllenhaal/Apple CEO Tim Cook/Run the Jewels & TV on the Radio,Actor Jake Gyllenhaal (Everest (2015)); Apple CEO Tim Cook; Run the Jewels performs with TV on the Radio.
1,7,09/16/15,http://www.imdb.com/title/tt5003218/,Kevin Spacey/Carol Burnett/Abbi Jacobson & Ilana Glazer/Willie Nelson & John Mellencamp,Actor Kevin Spacey; TV legend Carol Burnett with comics Abbi Jacobson and Ilana Glazer; Willie Nelson and John Mellencamp are interviewed and perform.
1,8,09/17/15,http://www.imdb.com/title/tt5003230/,Trevor Noah/Ban Ki-Moon/Chris Stapleton,Trevor Noah (The Daily Show (1996)); United Nations secretary-general Ki-moon Ban. Also: Chris Stapleton performs.
1,9,09/18/15,http://www.imdb.com/title/tt5003246/,"Lupita Nyong'o/Sen. Bernie Sanders/Cast of ""An American in Paris""","Actress Lupita Nyong'o; Sen. Bernie Sanders (D-Ind.-Vt.); a performance from ""An American in Paris"" stars Christopher Wheeldon, Robert Fairchild and Leanne Cope."
1,10,09/21/15,http://www.imdb.com/title/tt5017722/,Steph Curry/Sen. Ted Cruz/Don Henley,NBA MVP Stephen Curry; 2016 Republican presidential candidate Sen. Ted Cruz (R-Texas). Also: Don Henley performs.
1,11,09/22/15,http://www.imdb.com/title/tt5017742/,Donald Trump/Ernest Moniz/Raury,2016 presidential candidate Donald J. Trump; U.S. Secretary of Energy Ernest Moniz. Also: Raury performs.
1,12,09/23/15,http://www.imdb.com/title/tt5017752/,Hugh Jackman/Sen. Elizabeth Warren/Pearl Jam,Hugh Jackman (Pan (2015)); Sen. Elizabeth Warren (D-Mass.). Also: Pearl Jam perform.
1,13,09/24/15,http://www.imdb.com/title/tt5017758/,Andrew Sullivan/Maria Shriver/Jim Gaffigan/Archbishop Thomas Wenski,Author Andrew Sullivan; journalist and activist Maria Shriver; comedian Jim Gaffigan (The Jim Gaffigan Show (2015)); Archbishop Thomas Wenski. Also: The YMCA Jerusalem Youth Chorus and the Choir of St. Jean Baptiste perform.
1,14,09/25/15,http://www.imdb.com/title/tt5017766/,Malala Yousafzai/Kerry Washington/The Arcs,Nobel Prize Laureate Malala Yousafzai (He Named Me Malala (2015)); Kerry Washington (Scandal (2012)). Also: The Arcs perform.
1,15,09/28/15,http://www.imdb.com/title/tt5060616/,Michelle Obama/Mindy Kaling/John Legend,First Lady Michelle Obama; Mindy Kaling (The Mindy Project (2012)). Also: John Legend performs.
1,16,09/29/15,http://www.imdb.com/title/tt5060618/,Ellen Page/Jesse Eisenberg/Dominic Wilcox,Ellen Page (Freeheld (2015)); Jesse Eisenberg (Louder Than Bombs (2015)); inventor/designer Dominic Wilcox.
1,17,09/30/15,http://www.imdb.com/title/tt5060620/,Elizabeth Gilbert/John Oliver/Evan Spiegel/Bill Withers/Ed Sheeran,Elizabeth Gilbert; John Oliver; Snapchat co-founder Evan Spiegel; singer/songwriter Bill Withers. Also: Ed Sheeran performs.
1,18,10/01/15,http://www.imdb.com/title/tt5060634/,Secretary of State John Kerry/Claire Danes/PewDiePie,Secretary of State John Kerry; Claire Danes (Homeland (2011)); comic Felix Kjellberg (aka PewDiePie).
1,19,10/02/15,http://www.imdb.com/title/tt5060638/,Morgan Freeman/Ruth Wilson/Sean Murray,Morgan Freeman (Momentum (2015)); Ruth Wilson (The Affair (2014)); Hello Games co-founder Sean Murray.
1,20,10/05/15,http://www.imdb.com/title/tt5073574/,John McCain/Yo-Yo Ma/Misty Copeland,Sen. John McCain (R-Ariz.); cellist Yo-Yo Ma; a performance by ballerina Misty Copeland.
1,21,10/06/15,http://www.imdb.com/title/tt5073596/,Bill Clinton/Billy Eichner/Florence and the Machine,Bill Clinton; comedian Billy Eichner (Parks and Recreation (2009) and Difficult People (2015)). Also: Florence and the Machine perform.
1,22,10/07/15,http://www.imdb.com/title/tt5101686/,Gina Rodriguez/Ben Bernanke/Tame Impala,Gina Rodriguez (Jane the Virgin (2014)); economist Ben Bernanke. Also: Tame Impala perform.
1,23,10/08/15,http://www.imdb.com/title/tt5073590/,Cate Blanchett/Airbnb CEO Brian Chesky,Cate Blanchett (Truth (2015)); Airbnb CEO Brian Chesky; Dartmonth College football dummy.
1,24,10/09/15,http://www.imdb.com/title/tt5101692/,James Corden/Shane Smith/Halsey,James Corden (The Late Late Show with James Corden (2015)); Vice Media CEO Shane Smith. Also: Halsey performs.
1,25,10/12/15,http://www.imdb.com/title/tt5101690/,Carey Mulligan/Elvis Costello/Darlene Love,"Carey Mulligan (The Walker (2015)); author Elvis Costello (book ""Unfaithful Music""). Also: Darlene Love performs."
1,26,10/13/15,http://www.imdb.com/title/tt5101694/,Sarah Silverman/Elijah Wood/The Legends of Zelda: Symphony of the Goddesses,Sarah Silverman (Gravy (2015)); Elijah Wood (The Last Witch Hunter (2015)). Also: a performance from 'The Legend of Zelda: Symphony of the Goddesses'.
1,27,10/14/15,http://www.imdb.com/title/tt5101696/,Jack Black/Nick Woodman/Michelle Dorrance,Jack Black (Goosebumps (2015)); GoPro CEO Nick Woodman. Also: a performance by tap dancer Michelle Dorrance.
1,28,10/15/15,http://www.imdb.com/title/tt5101700/,Oprah Winfrey/Joseph Fink & Jeffrey Cranor/Judith Hill,"Oprah Winfrey; Joseph Fink and Jeffrey Cranor, creators of the podcast ""Welcome to Night Vale"". Also: Judith Hill performs."
1,29,10/16/15,http://www.imdb.com/title/tt5101698/,"Jimmy Kimmel/""Crimson Peak"" Cast/Beach House","Jimmy Kimmel (Jimmy Kimmel Live! (2003)); Crimson Peak (2015) cast members Jessica Chastain, Tom Hiddleston and Mia Wasikowska, director Guillermo del Toro. Also: Beach House perform."
1,30,10/26/15,http://www.imdb.com/title/tt5121854/,Sienna Miller/Melissa Benoist/Chance the Rapper,Sienna Miller (Burnt (2015)); Melissa Benoist (Supergirl (2015)). Also: Chance the Rapper performs.
1,31,10/27/15,http://www.imdb.com/title/tt5121838/,Hillary Clinton/Anthony Bourdain/Carrie Brownstein/Lianne La Navas,Hillary Clinton; Anthony Bourdain; author Carrie Brownstein. Also: Lianne La Havas sits in with Jonathan Batiste and Stay Human.
1,32,10/28/15,http://www.imdb.com/title/tt5121842/,Julianna Margulies/Jonathan Franzen/Alabama Shakes,Julianna Margulies (The Good Wife (2009)); author Jonathan Franzen. Also: Alabama Shakes perform.
1,33,10/29/15,http://www.imdb.com/title/tt5121844/,Seth MacFarlane/Neil DeGrasse Tyson,Seth MacFarlane performs and is interviewed. Also: astrophysicist Neil deGrasse Tyson.
1,34,10/30/15,http://www.imdb.com/title/tt5121848/,Charlie Rose/Stacy Schiff/Ghost/The Zombies,Charlie Rose (CBS This Morning (1992)); Stacy Schiff. Also: Ghost performs; The Zombies perform with Jonathan Batiste and Stay Human.
1,35,11/02/15,http://www.imdb.com/title/tt5121852/,Allison Janney/Colin Quinn/Margaret Cho,Allison Janney (Mom (2013)); comedian Colin Quinn (Trainwreck (2015)); comedian Margaret Cho (Tooken (2015)).
1,36,11/03/15,http://www.imdb.com/title/tt5165486/,Antonio Banderas/Reed Hastings/John Irving,Antonio Banderas (The 33 (2015)); Netflix CEO Reed Hastings; author John Irving.
1,37,11/04/15,http://www.imdb.com/title/tt5165490/,Daniel Craig/Elizabeth Gilbert/Dr. Eugenia Cheng,Daniel Craig (Spectre (2015)); author Elizabeth Gilbert; interview and demonstration with Dr. Eugenia Cheng.
1,38,11/05/15,http://www.imdb.com/title/tt5165492/,Bryan Cranston/Karl Ove Knausgaard/Shamir,Bryan Cranston (Trumbo (2015)); author Karl Ove Knausgård. Also: Shamir performs.
1,39,11/06/15,http://www.imdb.com/title/tt5165494/,Whoopi Goldberg/Gov. John Kasich/Glen Hansard,Whoopi Goldberg (The View (1997)); 2016 Republican presidential candidate Gov. John Kasich (R-Ohio). Also: Glen Hansard performs.
1,40,11/09/15,http://www.imdb.com/title/tt5165496/,Ethan Hawke/Sen. Claire McCaskill & Sen. Amy Klobuchar/Nathaniel Ratcliff & the Night Sweats,"Ethan Hawke; Sen. Claire McCaskill (D-Mo.) and Sen. Amy Klobuchar (D-Minn.). Also: Nathaniel Rateliff and ""The Night Sweats"" perform."
1,41,11/10/15,http://www.imdb.com/title/tt5182280/,Aziz Ansari/Shonda Rhimes/Bruce Campbell & Lucy Lawless,Comedian Aziz Ansari (Master of None (2015)); producer Shonda Rhimes; Bruce Campbell and Lucy Lawless (Ash vs Evil Dead (2015)).
1,42,11/11/15,http://www.imdb.com/title/tt5182286/,Viola Davis/Brian Greene/George Ezra,Viola Davis (How to Get Away with Murder (2014)); physicist Brian Greene. Also: George Ezra performs.
1,43,11/12/15,http://www.imdb.com/title/tt5182282/,Jennifer Connelly/Judd Apatow/The Internet,Jennifer Connelly (Shelter (2014)); director Judd Apatow. Also: Sydney Bennett and Matt Martians perform.
1,44,11/13/15,http://www.imdb.com/title/tt5182288/,Mark Ruffalo/John Cleese/Micheal Flatley,Mark Ruffalo (Spotlight (2015)); John Cleese (Absolutely Anything (2015)). And: Michael Flatley performs.
1,45,11/16/15,http://www.imdb.com/title/tt5182292/,Capt. Florent Groberg/Bill Maher/Shepard Fairey/The Acro-Cats,Medal of Honor recipient Capt. Florent Groberg (USA-Ret); Bill Maher; artist-author Shepard Fairey. Also: The Acro-Cats perform.
1,46,11/17/15,http://www.imdb.com/title/tt5200766/,Julianne Moore/Burt Reynolds/Public Image Ltd./CeeLo Green,"Julianne Moore (The Hunger Games: Mockingjay - Part 2 (2015)); author Burt Reynolds (book, ""But Enough About Me""). Also: Public Image Ltd. perform; CeeLo Green sits in with Jonathan Batiste and Stay Human."
1,47,11/18/15,http://www.imdb.com/title/tt5200768/,Sharon Stone/Justin Theroux/James Taylor,Sharon Stone (Agent X (2015)); Justin Theroux (The Leftovers (2014)). Also: James Taylor performs.
1,48,11/19/15,http://www.imdb.com/title/tt5200770/,Jane Fonda/Andrew Lloyd Webber/Brandon Niederauer,Jane Fonda (Youth (2015) and Grace and Frankie (2015)); interview and performance by Andrew Lloyd Webber; Brandon Niederauer (Here Comes Rusty (2016)).
1,49,11/20/15,http://www.imdb.com/title/tt5200774/,Michael Caine/Larry Wilmore/Boots/Vulfpeck,Michael Caine (Youth (2015)); Larry Wilmore. Also: Jordan Asher Cruz (aka Boots) performs; Vulfpeck sit in with Jonathan Batiste and Stay Human.
1,50,11/23/15,http://www.imdb.com/title/tt5200776/,Sylvester Stallone/Ted Koppel/My Morning Jacket,Sylvester Stallone (Creed (2015)); Ted Koppel; NASCAR Sprint Cup champion Kyle Busch. Also: My Morning Jacket perform.
1,51,11/24/15,http://www.imdb.com/title/tt5218904/,Spike Lee/Andy Cohen/Carly Simon,Director Spike Lee (Chi-Raq (2015)); Andy Cohen (Watch What Happens: Live (2009)). Also: Carly Simon performs.
1,52,11/25/15,http://www.imdb.com/title/tt5218906/,Gloria Estefan/Navy Seal Eric Greitens/Jake Wood/Chef Daniel Boulud,Gloria Estefan; Navy SEAL Eric Greitens; former marine sniper Jake Wood; chef Daniel Boulud.
1,53,12/07/15,http://www.imdb.com/title/tt5218908/,Steve Carell/Jennifer Hudson,"Steve Carell (The Big Short (2015)). Also: Jennifer Hudson is interviewed and performs a number from the Broadway musical, ""The Color Purple""."
1,54,12/08/15,http://www.imdb.com/title/tt5218912/,Marion Cotillard/George Saunders/Joanna Newsom,Marion Cotillard (Macbeth (2015)); author George Saunders. Also: Joanna Newsom performs.
1,55,12/09/15,http://www.imdb.com/title/tt5218914/,"Cast of ""Downton Abbey""/Adam McKay/Kurt Vile","Downton Abbey (2010) cast members Michelle Dockery, Hugh Bonneville and Allen Leech; director Adam McKay (Kevin (2015)). Also: Kurt Vile performs."
1,56,12/10/15,http://www.imdb.com/title/tt5240820/,Bruce Willis/Michael Lewis/Lizzo,Bruce Willis (Extraction (2015)); author Michael Lewis. Also: Lizzo (aka Lizzo) performs.
1,57,12/11/15,http://www.imdb.com/title/tt5240814/,Lin-Manuel Miranda/Ike Barinholtz/Sharon Jones & the Dap Kings,Actor/playwright Lin-Manuel Miranda; Ike Barinholtz (Sisters (2015) and The Mindy Project (2012)). Also: Sharon Jones and Sharon Jones & The Dap-Kings perform.
1,58,12/14/15,http://www.imdb.com/title/tt5240826/,Jennifer Lawrence/Doris Kearns Goodwin/Sleater-Kinney,Jennifer Lawrence (Joy (2015)); historian Doris Kearns Goodwin. Also: Sleater-Kinney perform.
1,59,12/15/15,http://www.imdb.com/title/tt5240822/,Quentin Tarantino/Jonathan Groff/Squeeze,Director Quentin Tarantino (The Hateful Eight (2015)); Jonathan Groff (Looking (2014)). Also: Squeeze perform.
1,60,12/16/15,http://www.imdb.com/title/tt5265934/,Robert De Niro/Daniel Gilbert/Henry Rollins,Robert De Niro (Joy (2015)); author Daniel Gilbert; comic Henry Rollins.
1,61,12/17/15,http://www.imdb.com/title/tt5265940/,Michael Moore/Samantha Power/Michael C. Hall,"Michael Moore (Where to Invade Next (2015)); Samantha Power, U.S. Ambassador to the United Nations; Michael C. Hall (Christine (2016)). Also: a performance from the Broadway musical, ""Lazarus""."
1,62,12/18/15,http://www.imdb.com/title/tt5265942/,Mandy Patinkin/Kayvon Beykpour/Leon Bridges,"Mandy Patinkin (Homeland (2011)); Kayvon Beykpour, CEO and co-founder of ""Periscope"". Also: Leon Bridges performs."
1,63,01/04/16,http://www.imdb.com/title/tt5265944/,Samuel L. Jackson/Olivia Hallisey/Foals,Samuel L. Jackson (The Hateful Eight (2015)); Google Science Fair winner Olivia Hallisey. Also: Foals perform.
1,64,01/05/16,http://www.imdb.com/title/tt5297166/,John Krasinski/Killer Mike/George Church/Foals,John Krasinski (13 Hours (2016) and The Hollars (2016)); hip-hop artist Killer Mike; geneticist George Church. Also: Foals perform.
1,65,01/06/16,http://www.imdb.com/title/tt5265946/,Jerry Seinfeld/Sen. Rand Paul/Andra Day,Jerry Seinfeld is interviewed and performs stand-up; presidential candidate Sen. Rand Paul (R-Ky.). Also: Andra Day performs.
1,66,01/07/16,http://www.imdb.com/title/tt5297194/,Damian Lewis/America Ferrera/FloydLittle's Double Dutch Team,Damian Lewis (Billions (2016); America Ferrera (Superstore (2015)). Also: 'FloydLittle's Double Dutch Team' perform.
1,67,01/08/16,http://www.imdb.com/title/tt5297190/,Matthew Broderick/Sarah Parcak/Kacey Musgraves,Matthew Broderick; space archaeologist Sarah Parcak. Also: Kacey Musgraves performs.
1,68,01/11/16,http://www.imdb.com/title/tt5325962/,Jane Lynch/HUD Secretary Julian Castro/EL VY,Jane Lynch (Hollywood Game Night (2013) and Angel from Hell (2016)); HUD Secretary Julian Castro. Also: EL VY perform.
1,69,01/12/16,http://www.imdb.com/title/tt5325968/,Saoirse Ronan/Jeremy Stoppelman/Laura Ricciardi & Moira Demos/James Bay,Saoirse Ronan (Brooklyn (2015)); Yelp CEO Jeremy Stoppelman; documentary filmmakers Laura Ricciardi and Moira Demos (Making a Murderer (2015)). Also: James Bay performs.
1,70,01/13/16,http://www.imdb.com/title/tt5325964/,Paul Giamatti/Guerilla Girls/J.B. Mauney,Paul Giamatti (Billions (2016)); Guerrilla Girls; professional bull-rider J.B. Mauney.
1,71,01/14/16,http://www.imdb.com/title/tt5325970/,Olivia Munn/T.J. Miller/Father John Misty,Olivia Munn (Ride Along 2 (2016)); T.J. Miller (21st Annual Critics' Choice Awards (2016)). Also: Father John Misty performs.
1,72,01/15/16,http://www.imdb.com/title/tt5325974/,Scott Kelly/Abby Wambach/Maria Bamford,Astronaut Scott Kelly; soccer legend Abby Wambach; comedian Maria Bamford.
1,73,01/18/16,http://www.imdb.com/title/tt5346688/,Patricia Heaton/Quincy Jones/DeRay Mckesson/Grace,Patricia Heaton (The Middle (2009)); Quincy Jones; civil rights activist DeRay Mckesson. Also: Grace performs.
1,74,01/19/16,http://www.imdb.com/title/tt5346692/,Charlie Day/Colin Hanks/Margo Price,Charlie Day (It's Always Sunny in Philadelphia (2005) and Vacation (2015)); Colin Hanks (Life in Pieces (2015) and Vacation (2015)). Also: Margo Price performs.
1,75,01/20/16,http://www.imdb.com/title/tt5346690/,James Spader/Brandon Marshall/Sarah Koenig/Rev Run,"James Spader (The Blacklist (2013)); the NFL's Brandon Marshall; ""Serial"" podcast host Sarah Koenig; Joseph Simmons (aka Rev Run)."
1,76,01/21/16,http://www.imdb.com/title/tt5346694/,Christian Slater/Josh Radnor/Iggy Pop,Christian Slater (Mr. Robot (2015)); Josh Radnor (Mercy Street (2016)). Also: Iggy Pop performs.
1,77,01/22/16,http://www.imdb.com/title/tt5346696/,Steven Tyler/Gaby Hoffmann/Lapsley,Stephen Tyler; Gaby Hoffmann (Transparent (2014)); Neil deGrasse Tyson. Also: Låpsley performs.
1,78,01/25/16,http://www.imdb.com/title/tt5346702/,Donald Rumsfeld/Russell Westbrook/Anderson Paak & the Free Nationals,"Former U.S. Secretary of Defense Donald Rumsfeld; the NBA's Russell Westbrook. Also: Anderson Paak and the ""Free Nationals"" perform."
1,79,01/26/16,http://www.imdb.com/title/tt5366406/,Laurence Fishburne/Sarah Paulson/Woke,Laurence Fishburne (Batman v Superman: Dawn of Justice (2016) and Black-ish (2014)); Sarah Paulson (American Crime Story (2016) and American Horror Story (2011)); Michael Novacek of the American Museum of Natural History; Lake Street Dive. Also: Woke perform.
1,80,01/27/16,http://www.imdb.com/title/tt5366408/,Chris Pine/Danielle Brooks/Jonah Reider/Baauer,Chris Pine (The Finest Hours (2016)); Danielle Brooks (Orange Is the New Black (2013)); Columbia University student Jonah Reider. Also: Harry Rodrigues (aka Baauer) performs.
1,81,01/28/16,http://www.imdb.com/title/tt5366412/,Josh Brolin/John Dickerson/Erin Brockovich/Aubrie Sellers,"Josh Brolin (""Hail, Caesar"" (2016)); John Dickerson, host of Face the Nation (1954); environmental activist Erin Brockovich-Ellis. Also: Aubrie Sellers performs."
1,82,02/01/16,http://www.imdb.com/title/tt5366416/,John Travolta & Courtney B. Vance/Amy Cuddy/John Moreland,John Travolta and Courtney B. Vance (American Crime Story (2016)); author Amy Cuddy. Also: John Moreland performs.
1,83,02/02/16,http://www.imdb.com/title/tt5366428/,David Schwimmer/Pastor Joel Osteen/M. Ward,David Schwimmer (American Crime Story (2016)); pastor Joel Osteen. Also: M. Ward performs.
1,84,02/03/16,http://www.imdb.com/title/tt5346700/,Dr. Phil McGraw/Mark & Jay Duplass/Michael Eric Dyson/Anderson Paak & the Free Nationals,Phil McGraw (Dr. Phil (2002)); producers Mark Duplass and Jay Duplass (Togetherness (2015)); author Michael Eric Dyson. Also: Anderson Paak and the Free Nationals perform.
1,85,02/04/16,http://www.imdb.com/title/tt5366410/,Michael Strahan/Samantha Bee/Wilco,Michael Strahan (Live with Kelly and Ryan (1988)); Samantha Bee (Sisters (2015)). Also: Wilco perform.
1,86,02/05/16,http://www.imdb.com/title/tt5423812/,Bobby Cannavale/Donny Deutsch/Charles Kelley,Bobby Cannavale (Vinyl (2016)); advertising executive Donny Deutsch (Donny! (2015)). Also: Charles Kelley performs.
1,87,02/07/16,http://www.imdb.com/title/tt5423814/,Tina Fey & Margot Robbie/Will Ferrell/Megyn Kelly/Keegan-Michael Key & Jordan Peele,"Special live program following Super Bowl 50 (2016) featuring Tina Fey and Margot Robbie (Whiskey Tango Foxtrot (2016)), Will Ferrell (Zoolander 2 (2016)), Megyn Kelly (The Kelly File (2013)) and Keegan-Michael Key and Jordan Peele (Keanu (2016))."
1,88,02/08/16,http://www.imdb.com/title/tt5423818/,Bill O'Reilly/Eddie George/Macklemore & Ryan Lewis,Bill O'Reilly (The O'Reilly Factor (1996)); former NFL star Eddie George. Also: Macklemore and Ryan Lewis perform.
1,89,02/09/16,http://www.imdb.com/title/tt5423822/,Olivia Wilde/Christiane Amanpour,Olivia Wilde (Vinyl (2016)); journalist Christiane Amanpour. Also: Jonathan Batiste and Stay Human perform.
1,90,02/10/16,http://www.imdb.com/title/tt5423816/,Ben Stiller/Sen. Bernie Sanders/TAO: Seventeen Samurai,Ben Stiller (Zoolander 2 (2016)); 2016 Democratic presidential candidate Sen. Bernie Sanders (D-Vt.). Also: a performance by 'TAO: Seventeen Samurai'.
1,91,02/11/16,http://www.imdb.com/title/tt5447942/,Kelsey Grammer/Fred Armisen/Sarah McDaniel/Ty Segall & the Muggers,Kelsey Grammer; Fred Armisen (Zoolander 2 (2016) and Portlandia (2011)); Playboy cover model Sarah McDaniel. Also: Ty Segall and the Muggers perform.
1,92,02/15/16,http://www.imdb.com/title/tt5447950/,Craig Ferguson/Hailey Clauson & Ashley Graham/Cory Booker,Craig Ferguson (Join or Die with Craig Ferguson (2016) and Celebrity Name Game (2014)); Sen. Cory Booker (D-N.J.); models Hailey Clauson and Ashley Graham; world's dart champion Scott Waites.
1,93,02/16/16,http://www.imdb.com/title/tt5447954/,Eva Longoria/Abbi Jacobson & Ilana Glazer/Lucinda Williams,Eva Longoria (Telenovela (2015)); Abbi Jacobson and Ilana Glazer (Broad City (2014)). Also: Lucinda Williams performs.
1,94,02/17/16,http://www.imdb.com/title/tt5508118/,Kate Hudson/Governor John Kasich/Courtney Barnett,"Know what this is about?
 Be the first one to add a plot."
1,95,02/18/16,http://www.imdb.com/title/tt5508120/,Téa Leoni/Amanda Peet/Triumph the Insult Comic Dog,Téa Leoni (Madam Secretary (2014)); Amanda Peet (Togetherness (2015)); Robert Smigel (aka Triumph the Insult Comic Dog); cross-country biker Jeffrey Tanenhaus.
1,96,02/19/16,http://www.imdb.com/title/tt5487496/,Chelsea Handler/Zosia Mamet/The Lumineers,Chelsea Handler (Chelsea Does (2016)); Zosia Mamet (Girls (2012)). Also: The Lumineers perform.
1,97,02/22/16,http://www.imdb.com/title/tt5447944/,Casey Affleck/Richard Dreyfuss/Mavis Staples,Casey Affleck (Triple 9 (2016) and The Finest Hours (2016)); Richard Dreyfuss (Madoff (2016)). Also: Mavis Staples performs.
1,98,02/23/16,http://www.imdb.com/title/tt5489604/,Debra Messing/Zachary Quinto/Violent Femmes,Debra Messing (The Mysteries of Laura (2014)); Zachary Quinto (Tallulah (2016)). Also: Violent Femmes perform.
1,99,02/24/16,http://www.imdb.com/title/tt5489606/,Adrien Brody/Danai Gurira/Brian Greene,Adrien Brody (Manhattan Night (2016)); Danai Gurira (The Walking Dead (2010)); physicist Brian Greene.
1,100,02/25/16,http://www.imdb.com/title/tt5489608/,Tim Daly/Krysten Ritter/Jason Isbell,Tim Daly (Madam Secretary (2014)); Krysten Ritter (The Defenders (2017) and Jessica Jones (2015). Also: Jason Isbell performs.
1,101,02/29/16,http://www.imdb.com/title/tt5489618/,Spike Jonze/Jeffrey Dean Morgan/Jack Garratt,Director Spike Jonze; Jeffrey Dean Morgan (Batman v Superman: Dawn of Justice (2016) and The Good Wife (2009)). Also: Jack Garratt performs.
1,102,03/01/16,http://www.imdb.com/title/tt5447948/,Chrissy Teigen/Mike Birbiglia/Adam Savage,"Model/author Chrissy Teigen (FabLife (2015)) (book, ""Cravings""); comic Mike Birbiglia (Don't Think Twice (2016)); Adam Savage (MythBusters (2003))."
1,103,03/02/16,http://www.imdb.com/title/tt5516078/,"Octavia Spencer/John Stamos, Bob Saget & Dave Coulier/Lucius","Octavia Spencer; John Stamos, Bob Saget and Dave Coulier (Fuller House (2016)). Also: Lucius perform."
1,104,03/03/16,http://www.imdb.com/title/tt5516080/,Christopher Meloni/Edward Byers/Ray LaMontagne,Christopher Meloni (Underground (2016)); medal of honor recipient Edward Byers. Also: Ray LaMontagne performs.
1,105,03/07/16,http://www.imdb.com/title/tt5516082/,Will Arnett/Charles Barkley/Max Greenfield,"Will Arnett (Flaked (2016)); sports analyst Charles Barkley; Max Greenfield (Hello, My Name Is Doris (2015) and New Girl (2011))."
1,106,03/08/16,http://www.imdb.com/title/tt5516086/,Helen Mirren/J.J. Abrams/DMA's,"Helen Mirren (Eye in the Sky (2015), Trumbo (2015) and Woman in Gold (2015)); filmmaker J.J. Abrams (10 Cloverfield Lane (2016)). Also: DMA's perform."
1,107,03/09/16,http://www.imdb.com/title/tt5516084/,Sally Field/Jerrod Carmichael/Esperanza Spalding,"Sally Field (Hello, My Name Is Doris (2015)); Jerrod Carmichael (The Carmichael Show (2015)). Also: Esperanza Spalding performs."
1,108,03/10/16,http://www.imdb.com/title/tt5516090/,Anna Kendrick/Loretta Lynch/Brian Fallon,Anna Kendrick (Get a Job (2016)); U.S. Attorney General Loretta Lynch. Also: Brian Fallon performs.
1,109,03/11/16,http://www.imdb.com/title/tt5516094/,Jeff Daniels/Audra McDonald/Mary Elizabeth Winstead,"Jeff Daniels (Allegiant (2016)); Mary Elizabeth Winstead (10 Cloverfield Lane (2016)); Audra McDonald (""Lady Day at Emerson's Bar and Grill"" (2016) (TV))."
1,110,03/14/16,http://www.imdb.com/title/tt5447946/,John Oliver/Jordan Spieth/New Order,TV host John Oliver (Last Week Tonight with John Oliver (2014)); professional golfer Jordan Spieth. Also: New Order perform.
1,111,03/15/16,http://www.imdb.com/title/tt5489590/,Steve Martin & Edie Brickell/Shirley MacLaine/Gustavo Dudamel/Los Angeles Philharmonic,Steve Martin and Edie Brickell; Shirley MacLaine (Wild Oats (2016)). Also: an interview with The Los Angeles Philharmonic conductor Gustavo Dudamel and a performance by the orchestra.
1,112,03/16/16,http://www.imdb.com/title/tt5489610/,Theo James/Jussie Smollett/Laurie Anderson,Theo James (Allegiant (2016)); Jussie Smollett (Empire (2015)). Also: Laurie Anderson performs.
1,113,03/17/16,http://www.imdb.com/title/tt5516112/,William H. Macy/Melissa Rauch/Isaac Mizrahi,William H. Macy (Shameless (2011)); Melissa Rauch (The Bronze (2015) and The Big Bang Theory (2007)); fashion designer Isaac Mizrahi.
1,114,03/28/16,http://www.imdb.com/title/tt5574710/,Tom Hiddleston/Laura Benanti/Frightened Rabbit,Tom Hiddleston (The Night Manager (2016)); Laura Benanti (Supergirl (2015) and Nashville (2012)). Also: Frightened Rabbit perform.
1,115,03/29/16,http://www.imdb.com/title/tt5574702/,Adam Driver/Rachel Bloom/Savages,Adam Driver (Midnight Special (2016) and Girls (2012)); Rachel Bloom (Crazy Ex-Girlfriend (2015)). Also: Savages perform.
1,116,03/30/16,http://www.imdb.com/title/tt5574706/,Eric Stonestreet/Jason Jones/Sen. Elizabeth Warren,"Eric Stonestreet (Confirmation (2016) and Modern Family (2009)); Jason Jones (The Detour (2016)); Sen. Elizabeth Warren (book, ""A Fighting Chance"")."
1,117,03/31/16,http://www.imdb.com/title/tt5574704/,"Sarah Paulson/Tatiana Maslany/Wynton Marsalis, Lil Buck & Jared Grimes","Sarah Paulson (American Crime Story (2016)); Tatiana Maslany (Orphan Black (2013) and The Other Half (2016)). Also: Wynton Marsalis, Lil Buck and Jared Grimes perform."
1,118,04/01/16,http://www.imdb.com/title/tt5574708/,"Steve Buscemi/Benjamin Walker/Cast of Broadway's ""American Psycho""","Steve Buscemi (Horace and Pete (2016)); Benjamin Walker (The King's Daughter (2017) and The Choice (2016)). Also: a performance by the cast of Broadway's ""American Psycho""."
1,119,04/04/16,http://www.imdb.com/title/tt5591726/,Matthew Perry/Nick Offerman/Explosions in the Sky,Matthew Perry (The Odd Couple (2015)); Nick Offerman (Ice Age: Collision Course (2016)). Also: Explosions in the Sky perform.
1,120,04/05/16,http://www.imdb.com/title/tt5591728/,Melissa McCarthy & Ben Falcone/Arianna Huffington/Babymetal,Melissa McCarthy and director Ben Falcone (The Boss (2016)); columnist Arianna Huffington. Also: Babymetal perform.
1,121,04/06/16,http://www.imdb.com/title/tt5591732/,Anna Kendrick & Sam Rockwell/David Duchovny/Autolux,Anna Kendrick and Sam Rockwell (Mr. Right (2015)); David Duchovny (The X-Files (1993)). Also: Autolux perform.
1,122,04/07/16,http://www.imdb.com/title/tt5591730/,Mindy Kaling/Tituss Burgess/Ken Burns,Mindy Kaling (The Mindy Project (2012)); Tituss Burgess (Angry Birds (2016) and Unbreakable Kimmy Schmidt (2015)); filmmaker Ken Burns (Defying the Nazis: The Sharps' War (2016)).
1,123,04/18/16,http://www.imdb.com/title/tt5610890/,Hillary Clinton/Jesse Tyler Ferguson/Katharine McPhee/Sturgill Simpson,"Know what this is about?
 Be the first one to add a plot."
1,124,04/19/16,http://www.imdb.com/title/tt5626370/,Kevin Spacey/Thomas Middleditch/The Flaming Lips,"Know what this is about?
 Be the first one to add a plot."
1,125,04/20/16,http://www.imdb.com/title/tt5626372/,Dennis Quaid/Matt Walsh/Charles Bradley,"Know what this is about?
 Be the first one to add a plot."
1,126,04/21/16,http://www.imdb.com/title/tt5626374/,"Tom Hanks/Leslie Odom, Jr./The Strumbellas/Roy Haynes",Tom Hanks (A Hologram for the King (2016)); Leslie Odom Jr. (The Good Wife (2009)). Also: The Strumbellas perform; Roy Haynes sits in with Jonathan Batiste and Stay Human.
1,127,04/22/16,http://www.imdb.com/title/tt5648818/,Julia Louis-Dreyfus/Nikolaj Coster-Waldau/Sam Morril,"Know what this is about?
 Be the first one to add a plot."
1,128,04/25/16,http://www.imdb.com/title/tt5664548/,Michelle Williams/Eddie Huang/Bob Mould,"Know what this is about?
 Be the first one to add a plot."
1,129,04/26/16,http://www.imdb.com/title/tt5664550/,J. K. Simmons/Jane Krakowski/Chris Wallace,J.K. Simmons (Zootopia (2016) and Punching Henry (2016)); Jane Krakowski (Unbreakable Kimmy Schmidt (2015)); Chris Wallace (Fox News Sunday (1996)).
1,130,04/27/16,http://www.imdb.com/title/tt5664552/,Susan Sarandon/David Tennant/Catfish & the Bottlemen,Susan Sarandon (The Meddler (2015)); David Tennant (Teenage Mutant Ninja Turtles (2012)). Also: Catfish and the Bottlemen perform.
1,131,04/28/16,http://www.imdb.com/title/tt5664554/,"Julianna Margulies, Christine Baranski & Matt Czuchry/Hank Azaria/Anderson Cooper","Julianna Margulies, Christine Baranski and Matt Czuchry (The Good Wife (2009)); Hank Azaria; author Anderson Cooper (book, ""The Rainbow Comes and Goes"")."
1,132,04/29/16,http://www.imdb.com/title/tt5664556/,Anderson Cooper/Mark Feuerstein/Gwen Stefani,Journalist Anderson Cooper; Mark Feuerstein (Royal Pains (2009)). Also: Gwen Stefani performs.
1,133,05/02/16,http://www.imdb.com/title/tt5664570/,Bill O'Reilly/Morris Chestnut/Deerhunter,Bill O'Reilly (The O'Reilly Factor (1996)); Morris Chestnut (Rosewood (2015) and When the Bough Breaks (2016)). Also: Deerhunter perform.
1,134,05/03/16,http://www.imdb.com/title/tt5664564/,Dakota Johnson/Sebastian Stan/Lukas Nelson & Promise of the Real,Dakota Johnson (A Bigger Splash (2015) and How to Be Single (2016)); Sebastian Stan (Captain America: Civil War (2016)). Also: Lukas Nelson and Lukas Nelson & Promise of the Real perform.
1,135,05/04/16,http://www.imdb.com/title/tt5664566/,Anthony Mackie/Rob Reiner/Maxwell,Anthony Mackie (Captain America: Civil War (2016)); director Rob Reiner (Being Charlie (2015)). Also: Maxwell performs.
1,136,05/05/16,http://www.imdb.com/title/tt5664572/,Judy Sheindlin/Zac Posen/W. Kamau Bell,Judge Judy Sheindlin (Judge Judy (1996)); designer Zac Posen (Project Runway (2004)); comic W. Kamau Bell.
1,137,05/06/16,http://www.imdb.com/title/tt5664574/,Lily Tomlin/Kumail Nanjiani/Ryan Hamilton,Lily Tomlin (Grace and Frankie (2015)); Kumail Nanjiani (Silicon Valley (2014)). Also: a performance by stand-up comedian Ryan Hamilton.
1,138,05/09/16,http://www.imdb.com/title/tt5685862/,Kaley Cuoco/Dan Savage/The National,Kaley Cuoco (The Big Bang Theory (2007)); author Dan Savage. Also: The National perform.
1,139,05/10/16,http://www.imdb.com/title/tt5685864/,Chloe Grace Moretz/Katie Couric/Brian Green/Charlamagne Tha God,Chloë Grace Moretz (Neighbors 2: Sorority Rising (2016)); Katie Couric (Under the Gun (2016)); physicist Brian Greene. Also: Charlamagne Tha God performs.
1,140,05/11/16,http://www.imdb.com/title/tt5685866/,Kate Beckinsale/B.J. Novak/Desiigner,"Kate Beckinsale (""Love and Friendship"" (2016)); B.J. Novak (The Founder (2016)). Also: Desiigner performs."
1,141,05/12/16,http://www.imdb.com/title/tt5685868/,Ryan Gosling & Russell Crowe/Jessie Mueller/Animal Collective,Ryan Gosling and Russell Crowe (The Nice Guys (2016)); Jessie Mueller (The Family (2016)). Also: Animal Collective perform.
1,142,05/13/16,http://www.imdb.com/title/tt5685870/,Matt Bomer/Zach Woods/Nick Griffin,Matt Bomer (The Nice Guys (2016)); Zach Woods (Silicon Valley (2014)); comedian Nick Griffin.
1,143,05/16/16,http://www.imdb.com/title/tt5710880/,Jason Sudeikis/Michael Weatherly/Megyn Kelly,Jason Sudeikis (Angry Birds (2016)); Michael Weatherly (NCIS (2003)); Megyn Kelly (Megyn Kelly Presents (2016)).
1,144,05/17/16,http://www.imdb.com/title/tt5710884/,Anthony Anderson/Eugene Levy & Catherine O'Hara/Coldplay,Anthony Anderson (Black-ish (2014)); Eugene Levy and Catherine O'Hara (Schitt's Creek (2015)). Also: Coldplay perform.
1,145,05/18/16,http://www.imdb.com/title/tt5710882/,Josh Gad/Gillian Jacobs/Band of Horses,"Josh Gad (Angry Birds (2016)); Gillian Jacobs (Love (2016), Dean (2016) and Don't Think Twice (2016)). Also: Band of Horses perform."
1,146,05/19/16,http://www.imdb.com/title/tt5710888/,Rose Byrne/Bobby Flay/Weird Al Yankovic,Rose Byrne (Neighbors 2: Sorority Rising (2016)); chef Bobby Flay; 'Weird Al' Yankovic visits and performs.
1,147,05/20/16,http://www.imdb.com/title/tt5710886/,Seth Rogen/Krysten Ritter/Wolf Parade,Seth Rogen (Neighbors 2: Sorority Rising (2016)); Krysten Ritter (The Defenders (2017) and Jessica Jones (2015)). Also: rock band Wolf Parade perform.
1,148,05/23/16,http://www.imdb.com/title/tt5734432/,Emilia Clarke/Shiri Appleby/Cynthia Erivo,Emilia Clarke (Game of Thrones (2011) and Me Before You (2016)); Shiri Appleby (UnREAL (2015) and Code Black (2015)). Also: Cynthia Erivo performs.
1,149,05/24/16,http://www.imdb.com/title/tt5734430/,Sean Hayes/Brooklyn Decker/Lewis Black,Sean Hayes (Crowded (2016)); Brooklyn Decker (Grace and Frankie (2015)); comic Lewis Black.
1,150,05/25/16,http://www.imdb.com/title/tt5734438/,James McAvoy/Nick Swardson/Physicist Brian Greene,James McAvoy (X-Men: Apocalypse (2016)); Nick Swardson (The Do-Over (2016)); physicist Brian Greene.
1,151,05/26/16,http://www.imdb.com/title/tt5734436/,Lizzy Caplan/Neil Young/Mike Epps,Lizzy Caplan (Now You See Me 2 (2016)); Neil Young; comic Mike Epps (Nina (2016) and Term Life (2016)).
1,152,05/27/16,http://www.imdb.com/title/tt5734440/,Rashida Jones/Daveed Diggs/Marina Franklin/The Struts,Rashida Jones (Matters of the Heart (2015) and Angie Tribeca (2016)); rapper Daveed Diggs; comedian Marina Franklin (Trainwreck (2015)). Also: The Struts perform.
1,153,06/06/16,http://www.imdb.com/title/tt5748274/,James Corden/Scott Speedman/Death Cab for Cutie,James Corden (The 70th Annual Tony Awards (2016) and The Late Late Show with James Corden (2015)); Scott Speedman (Animal Kingdom (2016)). Also: Death Cab for Cutie perform.
1,154,06/07/16,http://www.imdb.com/title/tt5748270/,"Jude Law/Norman Reedus/Hundred Waters, Skrillex & Chance the Rapper",Jude Law (Genius (2016)); Norman Reedus (The Walking Dead (2010)). Also: Hundred Waters performs with Skrillex and Chance the Rapper.
1,155,06/08/16,http://www.imdb.com/title/tt5748272/,Laura Linney/John Leguizamo/Gary Clark Jr./Paula Robison,Laura Linney (Teenage Mutant Ninja Turtles: Out of the Shadows (2016)); John Leguizamo. Also: Gary Clark Jr. performs; and Paula Robison sits in with Jonathan Batiste and Stay Human.
1,156,06/09/16,http://www.imdb.com/title/tt5748276/,Patrick Wilson/Gayle King/Gary Johnson & William Weld,Patrick Wilson (The Conjuring 2 (2016)); Gayle King (CBS This Morning (1992)); Libertarian Party presidential candidates Gov. Gary Johnson and Gov. Bill Weld.
1,157,06/10/16,http://www.imdb.com/title/tt5748280/,David Duchovny/Aaron Tveit/Alexander Koblikov,David Duchovny (The X-Files (1993)); Aaron Tveit (BrainDead (2016)); juggler Alexander Koblikov.
1,158,06/13/16,http://www.imdb.com/title/tt5786244/,Bill O'Reilly/Anna Chlumsky/Aesop Rock,"Bill O'Reilly (The O'Reilly Factor (1996) and ""Legends and Lies"" (2015)); Anna Chlumsky (Veep (2012)). Also: Aesop Rock performs."
1,159,06/14/16,http://www.imdb.com/title/tt5786242/,Daniel Radcliffe/George Lopez/Hinds,Daniel Radcliffe (Now You See Me 2 (2016)); George Lopez (Lopez (2016)). Also: Horace Hinds performs.
1,160,06/15/16,http://www.imdb.com/title/tt5786246/,Liam Hemsworth/Ana Gasteyer/Paul Mecurio,Liam Hemsworth (Independence Day: Resurgence (2016)); Ana Gasteyer (Lady Dynamite (2016)); comedian Paul Mecurio performs.
1,161,06/16/16,http://www.imdb.com/title/tt5786248/,Demi Lovato & Nick Jonas/Amy Ryan,Demi Lovato and Nick Jonas; Amy Ryan (Central Intelligence (2016)). Also: Nick Jonas performs.
1,162,06/17/16,http://www.imdb.com/title/tt5786250/,Aaron Paul/Michael Ian Black/Silversun Pickups,Aaron Paul (Central Intelligence (2016)); Michael Ian Black (The Jim Gaffigan Show (2015)). Also: Silversun Pickups perform.
1,163,06/20/16,http://www.imdb.com/title/tt5806638/,Alexander Skarsgard/Natasha Leggero/Ziggy Marley,Alexander Skarsgård (The Legend of Tarzan (2016)); Natasha Leggero (The Do-Over (2016) and Another Period (2013)). Also: Ziggy Marley performs.
1,164,06/21/16,http://www.imdb.com/title/tt5806636/,Aubrey Plaza/Hugh Dancy/Andrew Zimmern,Aubrey Plaza (Mike and Dave Need Wedding Dates (2016)); Hugh Dancy (The Path (2016)); Andrew Zimmern.
1,165,06/22/16,http://www.imdb.com/title/tt5806632/,Uzo Aduba/Neil DeGrasse Tyson/Adia Victoria,Uzo Aduba (Orange Is the New Black (2013)); Dr. Neil deGrasse Tyson. Also: Adia Victoria performs.
1,166,06/23/16,http://www.imdb.com/title/tt5806640/,Sen. Bernie Sanders/Paul Dano/Rascal Flatts,Democratic presidential candidate Sen. Bernie Sanders (D-Vt.); Paul Dano (Swiss Army Man (2016)). Also: Rascal Flatts perform.
1,167,06/24/16,http://www.imdb.com/title/tt5806642/,Kevin Hart/Taylor Schilling/RuPaul,Kevin Hart (Central Intelligence (2016)); Taylor Schilling (Orange Is the New Black (2013)); RuPaul (RuPaul's Drag Race (2009)).
1,168,06/27/16,http://www.imdb.com/title/tt5822588/,Kevin Love/Jenny Slate/Dierks Bentley,The NBA's Kevin Love; Jenny Slate (The Secret Life of Pets (2016)). Also: Dierks Bentley performs.
1,169,06/28/16,http://www.imdb.com/title/tt5822596/,Tom Brokaw/Sara and Erin Foster/Bibi Bourelly,Journalist Tom Brokaw; Sara Foster and Erin Foster (Barely Famous (2015)). Also: Bibi Bourelly performs.
1,170,06/29/16,http://www.imdb.com/title/tt5822598/,Samuel L. Jackson/Julie Klausner/Schoolboy Q,Samuel L. Jackson (The Legend of Tarzan (2016)); Julie Klausner (Difficult People (2015)). Also: Quincy Hanley (aka Schoolboy Q) perform.
1,171,06/30/16,http://www.imdb.com/title/tt5822600/,Ellie Kemper/Patrick Fugit/We Are Scientists,Ellie Kemper (Unbreakable Kimmy Schmidt (2015) and The Secret Life of Pets (2016)); Patrick Fugit (Outcast (2016)). Also: We Are Scientists perform.
1,172,07/01/16,http://www.imdb.com/title/tt5822606/,Zachary Quinto/Natasha Lyonne/2 Chainz,Zachary Quinto (Star Trek: Beyond (2016)); Natasha Lyonne (Orange Is the New Black (2013)). Also: rapper 2 Chainz performs.
1,173,07/11/16,http://www.imdb.com/title/tt5840900/,Bryan Cranston/Busy Philipps/Hollywood Vampires,Bryan Cranston (The Infiltrator (2016) and Why Him? (2016)); Busy Philipps (Vice Principals (2016)). Also: Hollywood Vampires perform.
1,174,07/12/16,http://www.imdb.com/title/tt5867074/,Nicholas Hoult/John Turturro/Bret Baier,Nicholas Hoult (Collide (2016)); John Turturro (Hands of Stone (2016)); Bret Baier (Special Report with Bret Baier (1996)).
1,175,07/13/16,http://www.imdb.com/title/tt5867078/,Benjamin Bratt/Rob Corddry/The Shelters,"Benjamin Bratt (The Infiltrator (2016)); Rob Corddry (Childrens Hospital (2008) and ""The Hindenburg Explodes"" (2016) (TV)). Also: rock band The Shelters perform."
1,176,07/14/16,http://www.imdb.com/title/tt5867082/,Bill Maher/Michael K. Williams/Parquet Courts,Bill Maher (Real Time with Bill Maher (2003)); Michael Kenneth Williams (Ghostbusters (2016)). Also: Parquet Courts perform.
1,177,07/15/16,http://www.imdb.com/title/tt5867084/,"Charlie Rose, Gayle King & Norah O'Donnell/DeRay McKesson/Bonnie McFarlane","Charlie Rose, Gayle King and Norah O'Donnell (CBS This Morning (1992)); Black Lives Matters activist DeRay Mckesson; comedian Bonnie McFarlane performs."
1,178,07/18/16,http://www.imdb.com/title/tt5883970/,Zoe Saldana/Jennifer Saunders/Ron Suskind,"Stephen begins four nights of shows, taped lived during the Republican National Convention in Cleveland, Ohio; Zoe Saldana (Star Trek: Beyond (2016)); Jennifer Saunders (Absolutely Fabulous: The Movie (2016)); author Ron Suskind."
1,179,07/19/16,http://www.imdb.com/title/tt5883972/,Keegan-Michael Key/Kathryn Hahn/Jenny Lewis & NAF,Keegan-Michael Key (Win It All (2017) and Storks (2016)); Kathryn Hahn (Bad Moms (2016)). Also: Jenny Lewis and NAF perform.
1,180,07/20/16,http://www.imdb.com/title/tt5883974/,Tony Goldwyn/Mark Cuban/Lewis Black/Cory Kahaney/Wyclef Jean,Tony Goldwyn (Scandal (2012)); Marc Cuban (Shark Tank (2009)); Lewis Black (Better Off Single (2016)); comic Cory Kahaney; Wyclef Jean performs.
1,181,07/21/16,http://www.imdb.com/title/tt5883976/,RNC/Sen. Elizabeth Warren/Billy Eichner/Cory Kahaney,Republican convention special episode. Guests: Sen. Elizabeth Warren (D-Mass.); Billy Eichner (Difficult People (2015)); comic Cory Kahaney performs.
1,182,07/22/16,http://www.imdb.com/title/tt5883978/,Jennifer Saunders/Cory Kahaney,"Republican convention special episode. Guest: Jennifer Saunders (Absolutely Fabulous: The Movie (2016)). Also: a look back at the wild week at the RNC: unseen footage from Cleveland, Ohio."
1,183,07/25/16,http://www.imdb.com/title/tt5893400/,Allison Janney/Anthony Weiner/Ryan Adams,"2016 Democratic National Convention in Philadelphia; Allison Janney (Mom (2013), Tallulah (2016) and Finding Dory (2016)); former congressman Anthony Weiner. Also: Ryan Adams performs."
1,184,07/26/16,http://www.imdb.com/title/tt5893394/,DNC/Jeff Daniels/Bassem Youssef/Aurora,2016 Democratic National Convention in Philadelphia; Jeff Daniels (Godless (2017)); comic Bassem Youssef. Also: Aurora Aksnes performs.
1,185,07/27/16,http://www.imdb.com/title/tt5893402/,DNC/John Oliver/Jai Courtney/Charlamagne Tha God/DMC,2016 Democratic National Convention in Philadelphia; comedian John Oliver (Last Week Tonight with John Oliver (2014)); Jai Courtney (Suicide Squad (2016)); radio personality Charlamagne Tha God. Also: Darryl McDaniels (DMC) sits in with Jonathan Batiste and Stay Human.
1,186,07/28/16,http://www.imdb.com/title/tt5893390/,DNC/Abbi Jacobson & Ilana Glazer/Doris Kearns Goodwin/Eric Andre,Democratic National Convention special episode includes a panel discussion with presidential historian Doris Kearns Goodwin; and comedians Abbi Jacobson and Ilana Glazer (Broad City (2014)). Also: comedian Eric André performs.
1,187,07/29/16,http://www.imdb.com/title/tt5893408/,The 2016 Democratic National Convention - A Look Back,A look back at the wild week at the Democratic National Convention. Also: previously unseen footage from Philadelphia.
1,188,08/01/16,http://www.imdb.com/title/tt5910392/,Viola Davis/Simon Helberg/Declan McKenna,Viola Davis (Suicide Squad (2016)); Simon Helberg (Florence Foster Jenkins (2016) and The Big Bang Theory (2007)). Also: Declan McKenna performs.
1,189,08/02/16,http://www.imdb.com/title/tt5910390/,Will Smith/Logan Lerman/Tony Bennett,Will Smith (Suicide Squad (2016)); Logan Lerman (Indignation (2016)). Also: Tony Bennett performs.
1,190,08/03/16,http://www.imdb.com/title/tt5910394/,John Cena/Scott Eastwood/Aaron Neville,John Cena (WWE Battleground (2016)); Scott Eastwood (Suicide Squad (2016)). Also: Aaron Neville performs.
1,191,08/04/16,http://www.imdb.com/title/tt5910398/,Jamie Dornan/Javier Munoz/Malcolm Gladwell/The O'Jays,"Jamie Dornan (Anthropoid (2016) and The Fall (2013)); Javier Munoz (Odd Mom Out (2015)); author Malcolm Gladwell (book, ""David and Goliath""). Also: The O'Jays sit in with Jonathan Batiste and Stay Human."
1,192,08/05/16,http://www.imdb.com/title/tt5910400/,Diane Kruger/Ibtihaj Muhammad/Mark Normand,Diane Kruger (The Infiltrator (2016) and Fathers & Daughters (2015)); U.S. Olympic fencer Ibtihaj Muhammad. Also: Mark Normand performs stand-up.
1,193,08/22/16,http://www.imdb.com/title/tt5921952/,Amy Schumer/Omari Hardwick/Michaela Watkins,Amy Schumer; Omari Hardwick (Power (2014)); Michaela Watkins (Casual (2015)).
1,194,08/23/16,http://www.imdb.com/title/tt5968118/,Rami Malek/Tika Sumpter & Parker Sawyers/Diana Gordon,Rami Malek (Mr. Robot (2015) and Buster's Mal Heart (2016)); Tika Sumpter and Parker Sawyers (Southside with You (2016)). Also: Diana Gordon performs.
1,195,08/24/16,http://www.imdb.com/title/tt5968122/,Anderson Cooper/Edgar Ramirez/Kip Moore,Anderson Cooper; Edgar Ramírez (Hands of Stone (2016)). Also: Kip Moore performs.
1,196,08/25/16,http://www.imdb.com/title/tt5968124/,Sen. Tim Kaine/Tony Hale/Car Seat Headrest,"Sen. Tim Kaine, Hillary Clinton's vice presidential running mate; Tony Hale (Yoga Hosers (2016)). Also: Car Seat Headrest perform."
1,197,08/26/16,http://www.imdb.com/title/tt5968126/,Rachel Weisz/Kevin Smith/Spike Feresten,Rachel Weisz (The Light Between Oceans (2016)); filmmaker Kevin Smith (Yoga Hosers (2016)); Spike Feresten.
1,198,08/29/16,http://www.imdb.com/title/tt5993866/,Riz Ahmed/Pedro Pascal/Angel Olsen,Riz Ahmed (The Night Of (2016) and Jason Bourne (2016)); Pedro Pascal (Narcos (2015)). Also: Angel Olsen performs.
1,199,08/30/16,http://www.imdb.com/title/tt5993864/,John Krasinski/Adam Brody/St. Paul & the Broken Bones,John Krasinski (The Hollars (2016)); Adam Brody (StartUp (2016)). Also: St. Paul & the Broken Bones perform.
1,200,08/31/16,http://www.imdb.com/title/tt5993868/,Christian Slater/Rep. John Lewis/Chris Geere,Christian Slater (Mr. Robot (2015)); Rep. John Lewis (D-Ga.); Chris Geere (You're the Worst (2014)).
1,201,09/01/16,http://www.imdb.com/title/tt5993870/,Larry Wilmore/Chris Noth/Sampha,Larry Wilmore (The Nightly Show with Larry Wilmore (2015)); Chris Noth (Tyrant (2014) and Chronically Metropolitan (2016)). Also: Sampha Sisay performs.
1,202,09/02/16,http://www.imdb.com/title/tt5993872/,Anna Gunn/John Dickerson/Simone Giertz,Anna Gunn (Sully (2016)); journalist John Dickerson (Face the Nation (1954)); inventor Simone Giertz.
2,1,09/06/16,http://www.imdb.com/title/tt6018386/,Harry Connick Jr./Ava DuVernay/Grouplove,Harry Connick Jr. (Harry (2016)); producer Ava DuVernay (Queen Sugar (2016)). Also: Grouplove perform.
2,2,09/07/16,http://www.imdb.com/title/tt6018388/,Whoopi Goldberg/Regina Hall/Sully Sullenberger,Whoopi Goldberg (The View (1997)); Regina Hall (When the Bough Breaks (2016)); pilot Capt. Chesley Sullenberger.
2,3,09/08/16,http://www.imdb.com/title/tt6018390/,Jessica Alba/Bradley Whitford/George Takei,Jessica Alba (Mechanic: Resurrection (2016)); Bradley Whitford (Other People (2016)); George Takei. Also: Travis Scott performs.
2,4,09/09/16,http://www.imdb.com/title/tt6018392/,Tituss Burgess/Jeff Ross/Adam Richman,Tituss Burgess (Catfight (2016) and Unbreakable Kimmy Schmidt (2015)); Jeffrey Ross (Flock of Dudes (2016)); Adam Richman.
2,5,09/12/16,http://www.imdb.com/title/tt6040474/,Dr. Phil McGraw/Alan Cumming/Hamilton Leithauser & Rostam,Dr. Phil McGraw (Dr. Phil (2002)); Alan Cumming (The Good Wife (2009) and Hurricane Bianca (2016)). Also: Hamilton Leithauser and  perform.
2,6,09/13/16,http://www.imdb.com/title/tt6040472/,Joseph Gordon-Levitt/Millie Bobby Brown/The Head and the Heart,Joseph Gordon-Levitt (Snowden (2016)); Millie Bobby Brown (Stranger Things (2016)). Also: The Head and the Heart perform.
2,7,09/14/16,http://www.imdb.com/title/tt6040476/,Trevor Noah/Allen Iverson/Rachel Maddow,Trevor Noah (The Daily Show (1996)); retired NBA player Allen Iverson; Rachel Maddow (The Rachel Maddow Show (2008)).
2,8,09/15/16,http://www.imdb.com/title/tt6040480/,Tracee Ellis Ross/Andrew Rannells/Mac Miller & Anderson.Paak,Tracee Ellis Ross (Black-ish (2014)); Andrew Rannells (Girls (2012)). Also: Mac Miller and Anderson Paak perform.
2,9,09/16/16,http://www.imdb.com/title/tt6040478/,John Slattery/Oliver Stone/Jon Fisch,John Slattery (Churchill (2017)); director Oliver Stone (Snowden (2016)); comedian Jon Fisch performs.
2,10,09/19/16,http://www.imdb.com/title/tt6056942/,Chris Pratt/Scott Bakula/Frederik the Great,"Chris Pratt (The Magnificent Seven (2016)); Scott Bakula (NCIS: New Orleans (2014) and Basmati Blues (2017)); Frederik the Great, the World's Most Handsome Horse."
2,11,09/20/16,http://www.imdb.com/title/tt6056944/,Michelle Obama/America Ferrera,First Lady Michelle Obama; America Ferrera (Superstore (2015)).
2,12,09/21/16,http://www.imdb.com/title/tt6056946/,Ethan Hawke/Tim Meadows/Wilco/Nile Rodgers,Ethan Hawke (The Magnificent Seven (2016)); Tim Meadows (Son of Zorn (2016)). Also: Wilco perform; and Nile Rodgers sits in with Jonathan Batiste and Stay Human.
2,13,09/22/16,http://www.imdb.com/title/tt6056948/,Anthony Anderson/Mark Consuelos/The Kills,Anthony Anderson (Black-ish (2014)); Mark Consuelos (Pitch (2016)). Also: The Kills perform.
2,14,09/23/16,http://www.imdb.com/title/tt6056950/,Bruce Springsteen/Emma Willman,Musician Bruce Springsteen; comic Emma Willmann (Viral Beauty (2017)).
2,15,09/26/16,http://www.imdb.com/title/tt6086622/,Rob Lowe/Kal Penn/Emma Willmann,Rob Lowe (Code Black (2015)); Kal Penn (Better Off Single (2016)). Live post-presidential debate show.
2,16,09/27/16,http://www.imdb.com/title/tt6086620/,Sean Penn/Sutton Foster/Regina Spektor,Sean Penn; Sutton Foster (Younger (2015)). Also: Regina Spektor performs.
2,17,09/28/16,http://www.imdb.com/title/tt6086626/,Lupita Nyong'o/Donnie Wahlberg/John Prine,Lupita Nyong'o (Queen of Katwe (2016)) and Donnie Wahlberg. Also: John Prine performs.
2,18,09/29/16,http://www.imdb.com/title/tt6086628/,Morgan Freeman/Judith Light/Jimmy Eat World,Morgan Freeman (Madam Secretary (2014)); Judith Light (Transparent (2014)). Also: Jimmy Eat World perform.
2,19,09/30/16,http://www.imdb.com/title/tt6086630/,Samantha Bee/Abby Elliott/Asa Butterfield,Samantha Bee (Full Frontal with Samantha Bee (2016)); Abby Elliott (Better Off Single (2016)); Asa Butterfield (Miss Peregrine's Home for Peculiar Children (2016)).
2,20,10/03/16,http://www.imdb.com/title/tt6098418/,Mindy Kaling/Gary Owen/Sum 41,Mindy Kaling (The Mindy Project (2012)); comedian Gary Owen (Restored Me (2016) and Meet the Blacks (2016)). Also: Sum 41 perform.
2,21,10/04/16,http://www.imdb.com/title/tt6098422/,John Leguizamo/Cheri Oteri/Paul F. Tompkins/Melissa Etheridge,"Stephen welcomes John Leguizamo, Cheri Oteri, Paul F. Tompkins, and Melissa Etheridge sitting in with Jonathan Batiste and Stay Human."
2,22,10/05/16,http://www.imdb.com/title/tt6098424/,Armie Hammer/Lindsey Vonn/Gustavo Dudamel/Simon Bolivar Symphony Orchestra,"Stephen welcomes Armie Hammer, Lindsey Vonn, and a musical performance by Gustavo Dudamel with the Simón Bolívar Symphony Orchestra."
2,23,10/06/16,http://www.imdb.com/title/tt6098428/,Emily Blunt/Gael Garcia Bernal/Phantogram,Emily Blunt (The Girl on the Train (2016)); Gael García Bernal. Also: Phantogram perform.
2,24,10/07/16,http://www.imdb.com/title/tt6098426/,Diane Lane/Aja Naomi King/Alingon Mitra,Diane Lane (Trumbo (2015)); Aja Naomi King (The Birth of a Nation (2016)); and a stand-up comedy performance by Alingon Mitra.
2,25,10/17/16,http://www.imdb.com/title/tt6137980/,President Barack Obama/Bill O'Reilly/Randall Park/Bob Weir,"President Barack Obama; author Bill O'Reilly (The O'Reilly Factor (1996)) and (book, ""Killing the Rising Sun""); Randall Park (Fresh Off the Boat (2015) and Office Christmas Party (2016)). Also: Bob Weir performs."
2,26,10/18/16,http://www.imdb.com/title/tt6137982/,Nick Offerman/Wayne Gretzky/Morgan Spurlock/Joseph,"Author Nick Offerman (book, ""Good Clean Fun""); Wayne Gretzky; Morgan Spurlock (Good After Bad (2017)). Also; Joseph sits in with Jonathan Batiste and Stay Human."
2,27,10/19/16,http://www.imdb.com/title/tt6137984/,Hugh Laurie/Paul Reiser/Nate Silver,Stephen welcomes Hugh Laurie (Chance (2016)); Paul Reiser (Red Oaks (2014)); and statistician Nate Silver. Live post-debate show.
2,28,10/20/16,http://www.imdb.com/title/tt6137986/,Tiger Woods/Elijah Wood/Jorge Ramos,Pro golfer Tiger Woods; Elijah Wood (Dirk Gently's Holistic Detective Agency (2016)); journalist Jorge Ramos (Ours is a Future (2016)).
2,29,10/21/16,http://www.imdb.com/title/tt6137988/,Matt LeBlanc/Del. Eleanor Holmes Norton/Wyclef Jean,Matt LeBlanc (Man with a Plan (2016)); Del. Eleanor Holmes Norton (D-District of Columbia); Wyclef Jean performs.
2,30,10/24/16,http://www.imdb.com/title/tt6137990/,Tom Hanks/Adam Conover,Tom Hanks (Inferno (2016)); TV host Adam Conover (Adam Ruins Everything (2015)).
2,31,10/25/16,http://www.imdb.com/title/tt6137992/,Will Forte/Dermot Mulroney/Wyatt Cenac/Mitski,Will Forte (The Last Man on Earth (2015)); Dermot Mulroney (Pure Genius (2016)); comic Wyatt Cenac; Mitski sits in with Jonathan Batiste and Stay Human.
2,32,10/26/16,http://www.imdb.com/title/tt6166782/,Joel McHale/Abbi Jacobson/Jon Glaser,"Joel McHale; author Abbi Jacobson (Broad City (2014)) and (book, ""Carry This Book""); comic Jon Glaser."
2,33,10/27/16,http://www.imdb.com/title/tt6166786/,Mary-Louise Parker/Pusha T/The Record Company,Mary-Louise Parker (When We Rise (2017)); rapper Pusha T; The Record Company perform.
2,34,10/28/16,http://www.imdb.com/title/tt6166788/,Drew Carey/Claire Foy & Matt Smith/Sebastian Maniscalco/Aimee Mann,TV host Drew Carey (The Price Is Right (1972)); actress Claire Foy and actor Matt Smith (The Crown (2016)); comic Sebastian Maniscalco; Aimee Mann sits in with Jonathan Batiste and Stay Human.
2,35,10/31/16,http://www.imdb.com/title/tt6185536/,"Ruth Wilson/J.B. Smoove/Dalen Spratt, Juwan Mass & Marcus Harvey","Ruth Wilson (I Am the Pretty Thing That Lives in the House (2016)); J.B. Smoove; TV personalities Dale Spratt, Juwan Mass and Marcus Harvey (Ghost Brothers (2016))."
2,36,11/01/16,http://www.imdb.com/title/tt6185534/,Mel Gibson & Luke Bracey/Tegan & Sara,Director Mel Gibson and actor Luke Bracey (Hacksaw Ridge (2016)); Tegan and Sara perform.
2,37,11/02/16,http://www.imdb.com/title/tt6185548/,Michael Strahan/Nick Kroll/Aaron Lewis,TV host Michael Strahan (Good Morning America (1975)); actor Nick Kroll (Sing (2016) and Loving (2016)); Aaron Lewis performs.
2,38,11/03/16,http://www.imdb.com/title/tt6185554/,Aaron Eckhart/Tig Notaro/Ron Suskind,Actor Aaron Eckhart (Bleed for This (2016)); comic Tig Notaro; journalist Ron Suskind.
2,39,11/04/16,http://www.imdb.com/title/tt6185556/,Viggo Mortensen/Patton Oswalt/Maz Jobrani,Actor Viggo Mortensen (Captain Fantastic (2016)); actor Patton Oswalt; comic Maz Jobrani.
2,40,11/07/16,http://www.imdb.com/title/tt6205046/,Don Cheadle/Stevie Wonder/Katherine Waterston,Don Cheadle (Kevin Hart: What Now? (2016) and House of Lies (2012)); Stevie Wonder is interviewed and performs; Katherine Waterston (Fantastic Beasts and Where to Find Them (2016)).
2,41,11/09/16,http://www.imdb.com/title/tt6205048/,"Miles Teller/Neil DeGrasse Tyson/Triumph, the Insult Comic Dog",Actor Miles Teller (Bleed for This (2016)); astrophysicist Dr. Neil deGrasse Tyson; Robert Smigel (aka Triumph the Insult Comic Dog).
2,42,11/10/16,http://www.imdb.com/title/tt6205050/,Sting/Thandie Newton,Sting is interviewed and performs; Thandie Newton (Westworld (2016)).
2,43,11/14/16,http://www.imdb.com/title/tt6205052/,Eddie Redmayne/Bernie Sanders/Alton Brown/Chris Thile,Eddie Redmayne (Fantastic Beasts and Where to Find Them (2016)); Sen. Bernie Sanders (D-Ind-Vt.); TV personality Alton Brown; Chris Thile sits in with Jonathan Batiste and Stay Human.
2,44,11/15/16,http://www.imdb.com/title/tt6226054/,Anna Kendrick/Mahershala Ali/Chris Gethard,"Anna Kendrick (Trolls (2016)); Mahershala Ali (Luke Cage (2016)); Chris Gethard (""Chris Gethard: Career Suicide"")."
2,45,11/16/16,http://www.imdb.com/title/tt6226058/,Marion Cotillard/Dev Patel/Dwight Yoakam,Actress Marion Cotillard (Allied (2016)); actor Dev Patel (Lion (2016)); Dwight Yoakam performs.
2,46,11/17/16,http://www.imdb.com/title/tt6226060/,"Amy Adams/Simone Biles/Jeff ""The Bear Man"" Watson","Amy Adams (Arrival (2016) and Nocturnal Animals (2016)); author Simone Biles (book, ""Courage of Soar""); reality-TV personality Jeff Watson."
2,47,11/18/16,http://www.imdb.com/title/tt6226064/,William H. Macy/Colin Quinn/Drive-By Truckers,Actor William H. Macy (Shameless (2011)); comic Colin Quinn; Drive-By Truckers perform.
2,48,11/21/16,http://www.imdb.com/title/tt6243852/,Michael Weatherly/Carrie Fisher/Pretenders,Michael Weatherly (Bull (2016)); Carrie Fisher (Star Wars: Episode VIII - The Last Jedi (2017)); The Pretenders perform.
2,49,11/22/16,http://www.imdb.com/title/tt6243854/,James Marsden/Jimmie Johnson/John Waters,"Actor James Marsden (Westworld (2016)); race car driver Jimmie Johnson; filmmaker John Waters (""Hairspray Live"" (2016) (TV))."
2,50,11/23/16,http://www.imdb.com/title/tt6243858/,Danny DeVito/Max Greenfield/OK Go,Actor Danny DeVito (The Comedian (2016)); actor Max Greenfield (New Girl (2011)); OK Go perform.
2,51,11/30/16,http://www.imdb.com/title/tt6282488/,Tim Daly/Lauren Cohan/Sleigh Bells,Actor Tim Daly (Madam Secretary (2014)); actress Lauren Cohan (The Walking Dead (2010)); Sleigh Bells perform.
2,52,12/01/16,http://www.imdb.com/title/tt6282492/,Lauren Graham/Justin Long,"Actress Lauren Graham (Gilmore Girls: A Year in the Life (2016)); actor Justin Long (""Frank and Lola"" (2016))."
2,53,12/02/16,http://www.imdb.com/title/tt6282490/,Matthew Broderick/Ali Wentworth/Fergie,Actor Matthew Broderick (Manchester by the Sea (2016) and Rules Don't Apply (2016)); actress Alexandra Wentworth (Nightcap (2016)); Fergie performs.
2,54,12/05/16,http://www.imdb.com/title/tt6282506/,Jason Bateman/Padma Lakshmi/Michael Lewis,Actor Jason Bateman (Office Christmas Party (2016)); TV host Padma Lakshmi (Top Chef (2006)); author Michael Lewis.
2,55,12/06/16,http://www.imdb.com/title/tt6282498/,Joe Biden/DJ Khaled,Vice-president Joe Biden; record producer DJ Khaled.
2,56,12/07/16,http://www.imdb.com/title/tt6282500/,Sigourney Weaver/Andy Cohen/Pilobolus Dance Theater,Actress Sigourney Weaver (The Defenders (2017)); TV host Andy Cohen; the Pilobolus Dance Theater performs.
2,57,12/08/16,http://www.imdb.com/title/tt6282504/,Octavia Spencer/John Mulaney/Travis Scott,Actress Octavia Spencer (Hidden Figures (2016) and Bad Santa 2 (2016)); comic John Mulaney; Travis Scott performs.
2,58,12/09/16,http://www.imdb.com/title/tt6282502/,Olivia Munn/Martin Freeman/Tom Papa,Actress Olivia Munn (Office Christmas Party (2016)); actor Martin Freeman (Sherlock (2010)); comic Tom Papa.
2,59,12/12/16,http://www.imdb.com/title/tt6304148/,John Goodman/Denee Benton/Norah Jones,Actor John Goodman (Patriots Day (2016)); actress Denée Benton (UnREAL (2015)); Norah Jones performs.
2,60,12/13/16,http://www.imdb.com/title/tt6304150/,Mark Wahlberg/Lee Daniels/Miranda Lambert,Actor Mark Wahlberg (Patriots Day (2016)); producer Lee Daniels (Star (2016) and Empire (2015)); Miranda Lambert performs.
2,61,12/14/16,http://www.imdb.com/title/tt6304152/,Neil Patrick Harris/Megan Mullally,Actor Neil Patrick Harris (A Series of Unfortunate Events (2017)); actress Megan Mullally (Why Him? (2016)).
2,62,12/15/16,http://www.imdb.com/title/tt6304154/,James Franco/Michael Stipe/Gad Elmaleh,Actor James Franco (Why Him? (2016)); singer Michael Stipe; comic Gad Elmaleh.
2,63,12/16/16,http://www.imdb.com/title/tt6304156/,Liam Neeson/Shepard Smith/Jon Batiste,Actor Liam Neeson (A Monster Calls (2016) and Silence (2016)); news anchor Shepard Smith (Shepard Smith Reporting (2013)); Jonathan Batiste performs.
2,64,12/19/16,http://www.imdb.com/title/tt6350102/,The Best in Late Show Retrospectacular End-of-Year Wrapupabration! 1,"Stephen Colbert introduces highlight clips from the past year, including a post-election monologue, Tom Hanks, Midnight Confessions and a performance by OK Go."
2,65,12/20/16,http://www.imdb.com/title/tt6350104/,The Best in Late Show Retrospectacular End-of-Year Wrapupabration! 2,"Stephen introduces more highlight clips from the past year, including an election week monologue, a Bruce Springsteen interview, David Duchovny sharing a blanket fort, and Too Much Exposition Theatre with Bryan Cranston."
2,66,12/21/16,http://www.imdb.com/title/tt6350106/,The Best in Late Show Retrospectacular End-of-Year Wrapupabration! 3,"Stephen's end-of-year highlights continue with a Thanksgiving week monologue and interviews with Robert De Niro, Amy Schumer, John Krasinski and Millie Bobby Brown."
2,67,12/22/16,http://www.imdb.com/title/tt6350108/,The Best in Late Show Retrospectacular End-of-Year Wrapupabration! 4,"Stephen continues his highlights from the past year with a post-Thanksgiving monologue, an interview and stargazing with Will Smith, Anna Kendrick singing, and the Furry Hat."
2,68,12/23/16,http://www.imdb.com/title/tt6350112/,The Best in Late Show Retrospectacular End-of-Year Wrapupabration! 5,"Stephen wraps up the year's highlights with an early December monologue, interviews with Chris Pratt and Jason Bateman, a performance by Stevie Wonder, and Triumph the Insult Comic Dog commenting on the presidential election."
2,69,01/03/17,http://www.imdb.com/title/tt6350098/,Oprah Winfrey/Pretty Yende,Media proprietor Oprah Winfrey; Pretty Yende performs.
2,70,01/04/17,http://www.imdb.com/title/tt6350100/,Kate Beckinsale/Chris Messina/Jen Kirkman,Actress Kate Beckinsale (Underworld: Blood Wars (2016)); actor Chris Messina (Live by Night (2016)); comic Jen Kirkman (Jen Kirkman: Just Keep Livin? (2017)).
2,71,01/05/17,http://www.imdb.com/title/tt6350114/,Adam Driver/Alexa Davalos/Whitney,Actor Adam Driver (Silence (2016) and Girls (2012)); actress Alexa Davalos (The Man in the High Castle (2015)); Whitney performs.
2,72,01/06/17,http://www.imdb.com/title/tt6350118/,Charlie Rose/Hayden Panettiere/Jack Maxwell,TV host Charlie Rose (Charlie Rose (1991) and CBS This Morning (1992)); actress Hayden Panettiere (Nashville (2012)); TV personality Jack Maxwell.
2,73,01/09/17,http://www.imdb.com/title/tt6384796/,Billy Joel/Josh Holloway,Singer Billy Joel; actor Josh Holloway (Colony (2016)).
2,74,01/10/17,http://www.imdb.com/title/tt6384798/,Andrew Garfield/Erin Andrews/Cage the Elephant,Actor Andrew Garfield (Silence (2016) and Hacksaw Ridge (2016)); sportscaster Erin Andrews; Cage the Elephant perform.
2,75,01/11/17,http://www.imdb.com/title/tt6384800/,Jude Law/Gabrielle Union/Thomas L. Friedman,"Actor Jude Law (The Young Pope (2016)); actress Gabrielle Union (Sleepless (2017), Being Mary Jane (2013) and The Lion Guard (2016)); journalist Thomas Friedman."
2,76,01/12/17,http://www.imdb.com/title/tt6384802/,Tom Selleck/Craig Robinson/A$AP Mob,Actor Tom Selleck (Blue Bloods (2010)); actor Craig Robinson (Caraoke Showdown (2017)); Asap Mob perform.
2,77,01/13/17,http://www.imdb.com/title/tt6384804/,Cuba Gooding Jr./Rupert Friend/Gary Gulman,Actor Cuba Gooding Jr.; actor Rupert Friend (Homeland (2011)); comic Gary Gulman.
2,78,01/16/17,http://www.imdb.com/title/tt6408164/,Sarah Paulson/Corey Stoll/Nick Grant & Watch the Duck,Actress Sarah Paulson (American Horror Story (2011) and Feud (2017)); actor Corey Stoll (Gold (2016) and The Strain (2014)); Nick Grant and Watch the Duck perform.
2,79,01/17/17,http://www.imdb.com/title/tt6408174/,Billy Eichner/Mel B./Gilbert Gottfried,Comic Billy Eichner (Billy on the Street with Billy Eichner (2011)); singer Melanie Brown; comic Gilbert Gottfried.
2,80,01/18/17,http://www.imdb.com/title/tt6408168/,Idina Menzel/Rachel Bloom/Louie Anderson,Actress Idina Menzel (Beaches (2017)); actress Rachel Bloom (Crazy Ex-Girlfriend (2015)); comic Louie Anderson (Baskets (2016)).
2,81,01/19/17,http://www.imdb.com/title/tt6408170/,Johnny Galecki/Chris Matthews/Bash & Pop,Actor Johnny Galecki (The Big Bang Theory (2007)); TV host Chris Matthews (Hardball with Chris Matthews (1997)); BASH and POP perform.
2,82,01/20/17,http://www.imdb.com/title/tt6408176/,Jim Gaffigan/Cristela Alonzo/The Avett Brothers,Actor Jim Gaffigan (Fargo (2014)); actress Cristela Alonzo (Cristela (2014) and Angry Birds (2016)); The Avett Brothers perform.
2,83,01/30/17,http://www.imdb.com/title/tt6460650/,Leslie Mann/Lewis Black/Dan Levy,Actress Leslie Mann (The Comedian (2016)); comic Lewis Black (Rock Dog (2016)); comic Dan Levy performs.
2,84,01/31/17,http://www.imdb.com/title/tt6460652/,Josh Groban/Rachael Ray/Japandroids,Singer Josh Groban (Julie's Greenroom (2017)); chef Rachael Ray (Rachael Ray (2006)); Japandroids perform.
2,85,02/01/17,http://www.imdb.com/title/tt6460654/,Ricky Gervais/Christina Ricci/Jain,Comic Ricky Gervais (David Brent: Life on the Road (2016)); actress Christina Ricci (Z: The Beginning of Everything (2015)); Jain performs.
2,86,02/02/17,http://www.imdb.com/title/tt6460656/,Dr. Phil/Michael Bolton/Maren Morris,"TV host Dr. Phil McGraw (Dr. Phil (2002)); singer Michael Bolton (Michael Bolton's Big, Sexy Valentine's Day Special (2017)); Maren Morris performs."
2,87,02/03/17,http://www.imdb.com/title/tt6460658/,Priyanka Chopra/Thomas Sadoski/Pat Brown,Actress Priyanka Chopra (Quantico (2015) and Baywatch (2017)); actor Thomas Sadoski (John Wick: Chapter 2 (2017) and Life in Pieces (2015)); comic Pat Brown performs.
2,88,02/06/17,http://www.imdb.com/title/tt6483558/,Paul Giamatti/Wendy Williams/Highly Suspect,Actor Paul Giamatti (Billions (2016)); TV hostess Wendy Williams (Wendy: The Wendy Williams Show (2008)); Highly Suspect perform.
2,89,02/07/17,http://www.imdb.com/title/tt6483564/,John Oliver/Isabelle Huppert/The Avett Brothers,TV show host John Oliver (Last Week Tonight with John Oliver (2014)); actress Isabelle Huppert (Elle (2016) and Souvenir (2016)); The Avett Brothers perform.
2,90,02/08/17,http://www.imdb.com/title/tt6483566/,Robert De Niro/Ezra Edelman/Flo Morrissey & Matthew E. White,Actor Robert De Niro (The Comedian (2016)); documentary producer Ezra Edelman (O.J.: Made in America (2016)); Flo Morrissey and Matthew E. White sits in with Jonathan Batiste and Stay Human.
2,91,02/09/17,http://www.imdb.com/title/tt6483560/,David Oyelowo/Taran Killam/Rae Sremmurd,Actor David Oyelowo (A United Kingdom (2016)); actor Taran Killam (All Nighter (2017)); Rae Sremmurd perform.
2,92,02/10/17,http://www.imdb.com/title/tt6483562/,Will Arnett/Pete Holmes/Paul Mecurio,Actor Will Arnett (The LEGO Batman Movie (2017)); comic Pete Holmes (Crashing (2017)); comic Paul Mecurio (What's a Podcast? A Documentary Film (2016)).
2,93,02/13/17,http://www.imdb.com/title/tt6508852/,Shailene Woodley/Laverne Cox/Rick & Marty Lagina,Actress Shailene Woodley (Big Little Lies (2017)); actress Laverne Cox (Doubt (2017) and Orange Is the New Black (2013)); treasure hunters Rick Lagina and Marty Lagina.
2,94,02/14/17,http://www.imdb.com/title/tt6508856/,Christine Baranski/Hans Zimmer,Actress Christine Baranski (The Good Fight (2017) and The Good Wife (2009)); Hans Zimmer performs.
2,95,02/15/17,http://www.imdb.com/title/tt6508854/,Bob Odenkirk/Tatiana Maslany/George Saunders,Actor Bob Odenkirk (Girlfriend's Day (2017)); actress Tatiana Maslany (Orphan Black (2013)); author George Saunders.
2,96,02/16/17,http://www.imdb.com/title/tt6508858/,Sally Field/Maggie Siff/Lady Antebellum,Actress Sally Field; actress Maggie Siff (Billions (2016)); Lady Antebellum perform.
2,97,02/17/17,http://www.imdb.com/title/tt6508864/,Julie Andrews/Christina Hendricks/The Umbilical Brothers,Actress Julie Andrews (Julie's Greenroom (2017)); actress Christina Hendricks (Fist Fight (2017)); Umbilical Brothers perform.
2,98,02/20/17,http://www.imdb.com/title/tt6533368/,Uma Thurman/Jason Jones/Alison Krauss,Actress Uma Thurman (Imposters (2017)); actor Jason Jones (The Detour (2016)); Alison Krauss performs.
2,99,02/21/17,http://www.imdb.com/title/tt6533370/,Joe Scarborough/Kate Upton/Yvette Nicole Brown,Journalist Joe Scarborough (Morning Joe (2007)); model Kate Upton; actress Yvette Nicole Brown (The Odd Couple (2015)).
2,100,02/22/17,http://www.imdb.com/title/tt6533378/,Kelly Ripa/Billy Gardell/The Lemon Twigs,TV hostess Kelly Ripa (Live with Kelly and Ryan (1988)); actor Billy Gardell (Sun Records (2017)); The Lemon Twigs perform.
2,101,02/23/17,http://www.imdb.com/title/tt6533376/,Aubrey Plaza/Bradley Whitford/Lupe Fiasco,Actress Aubrey Plaza (Legion (2017)); actor Bradley Whitford (Get Out (2017)); Lupe Fiasco performs.
2,102,02/24/17,http://www.imdb.com/title/tt6533380/,Allison Williams/Cush Jumbo/Carmen Lynch,Actress Allison Williams (Get Out (2017)); actress Cush Jumbo (The Good Fight (2017)); comedian Carmen Lynch performs.
2,103,02/27/17,http://www.imdb.com/title/tt6557492/,Connie Britton/Zoey Deutch/Lori McKenna,Comic Jon Stewart; actress Connie Britton (Nashville (2012)); actress Zoey Deutch (Before I Fall (2017)); Lori McKenna performs.
2,104,02/28/17,http://www.imdb.com/title/tt6557494/,Lisa Kudrow/Josh Earnest/Tony Rock,Actress Lisa Kudrow (Table 19 (2017)); former White House press secretary Josh Earnest; comic Tony Rock (Busted (2017)).
2,105,03/01/17,http://www.imdb.com/title/tt6557496/,Patrick Stewart/Chris Colfer/Roy Wood Jr.,Actor Patrick Stewart (Logan (2017)); actor Chris Colfer (Julie's Greenroom (2017)); comic Roy Wood Jr..
2,106,03/02/17,http://www.imdb.com/title/tt6557498/,Hugh Jackman/Condola Rashad/The Flaming Lips,Actor Hugh Jackman (Logan (2017)); actress Condola Rashad (Billions (2016)); The Flaming Lips perform.
2,107,03/03/17,http://www.imdb.com/title/tt6557500/,Cate Blanchett/Paul Rust/Mo Amer,Actress Cate Blanchett (Song to Song (2017) and Manifesto (2015)); actor Paul Rust (Love (2016)); comic Mohammed Amer (aka Mo Amer) performs.
2,108,03/06/17,http://www.imdb.com/title/tt6583226/,Anderson Cooper/Judd Apatow/Jidenna,"Journalist Anderson Cooper; producer Judd Apatow (May It Last: A Portrait of the Avett Brothers (2017), Crashing (2017) and Girls (2012)); Jidenna performs."
2,109,03/07/17,http://www.imdb.com/title/tt6583230/,Kevin Kline/Jerrod Carmichael/Michael Hayden,"Actor Kevin Kline (Beauty and the Beast (2017)); actor Jerrod Carmichael (Transformers: The Last Knight (2017)); retired Gen. Michael Hayden, former CIA director."
2,110,03/08/17,http://www.imdb.com/title/tt6583238/,Mark Halperin & John Heilemann/Michael Ian Black/Jackson Galaxy,Political analysts Mark Halperin and John Heilemann; actor Michael Ian Black (Wet Hot American Summer: Ten Years Later (2017)); cat behaviorist Jackson Galaxy.
2,111,03/09/17,http://www.imdb.com/title/tt6583234/,Kristen Stewart/Maz Jobrani/Dawes,Actress Kristen Stewart (Personal Shopper (2016)); actor Maz Jobrani (Superior Donuts (2017)); Dawes perform.
2,112,03/10/17,http://www.imdb.com/title/tt6583232/,Felicity Huffman/Jurnee Smollett-Bell/Anthony DeVito,Actress Felicity Huffman (American Crime (2015)); actress Jurnee Smollett-Bell (Underground (2016)); comic Anthony DeVito.
2,113,03/13/17,http://www.imdb.com/title/tt6614682/,Ewan McGregor/Finn Wittrock/The Shins,Actor Ewan McGregor (Beauty and the Beast (2017) and Fargo (2014)); actor Finn Wittrock (La La Land (2016)); The Shins perform.
2,114,03/14/17,http://www.imdb.com/title/tt6614684/,Neil DeGrasse Tyson/Rick Ross,Astrophysicist Neil deGrasse Tyson; rapper Rick Ross.
2,115,03/15/17,http://www.imdb.com/title/tt6614686/,Jessica Lange/Bassem Youssef/Judy Gold,"Jessica Lange (Feud (2017)); Bassem Youssef (book ""Revolution for Dummies: Laughing Through the Arab Spring"", Tickling Giants (2016)); Judy Gold (Take My Nose... Please! (2017))."
2,116,03/20/17,http://www.imdb.com/title/tt6614688/,Bryan Cranston/Audra McDonald/Greer Barnes,Actor Bryan Cranston (Power Rangers (2017)); actress Audra McDonald (Beauty and the Beast (2017)); comic Greer Barnes performs.
2,117,03/21/17,http://www.imdb.com/title/tt6614690/,Ryan Reynolds/Josh Lucas/Andy Daly/Green Day,Actor Ryan Reynolds (Life (2017)); actor Josh Lucas (The Most Hated Woman in America (2017)); actor Andrew Daly (Review (2014) and Table 19 (2017)); Green Day perform.
2,118,03/22/17,http://www.imdb.com/title/tt6644932/,Glenn Close/Michael McKean/H. Jon Benjamin,Actress Glenn Close (Guardians of the Galaxy Vol. 2 (2017)); actor Michael McKean (Better Call Saul (2015)); actor H. Jon Benjamin (Bob's Burgers (2011) and Archer (2009)).
2,119,03/27/17,http://www.imdb.com/title/tt6683542/,Lily Tomlin & Jane Fonda/Jay Chandrasekhar/Aimee Mann,Actresses Jane Fonda and Lily Tomlin (Grace and Frankie (2015)); director Jay Chandrasekhar (The Goldbergs (2013)); Aimee Mann performs.
2,120,03/28/17,http://www.imdb.com/title/tt6683546/,Hank Azaria/Kate Walsh/Circus 1903,Actor Hank Azaria (The Simpsons (1989) and Brockmire (2017)); actress Kate Walsh (13 Reasons Why (2017)); a performance by Circus 1903.
2,121,03/29/17,http://www.imdb.com/title/tt6683548/,Emma Roberts/Ken Jeong/Luke Bryan & Dierks Bentley,Actress Emma Roberts (The Blackcoat's Daughter (2015)); actor Ken Jeong (Dr. Ken (2015)); Luke Bryan and Dierks Bentley perform.
2,122,03/30/17,http://www.imdb.com/title/tt6683550/,Marisa Tomei/Hugh Dancy/Broken Social Scene,Actress Marisa Tomei (Spider-Man: Homecoming (2017)); actor Hugh Dancy (The Path (2016)); Broken Social Scene perform.
2,123,03/31/17,http://www.imdb.com/title/tt6683552/,Susan Sarandon/Joey McIntyre/Robert Klein,Actress Susan Sarandon (Feud (2017)); singer Joey McIntyre (Return of the Mac (2017)); comic Robert Klein.
2,124,04/03/17,http://www.imdb.com/title/tt6706024/,Jason Sudeikis/Jennifer Esposito/Joey Bada$$,Actor Jason Sudeikis (Colossal (2016)); actress Jennifer Esposito (NCIS (2003)); Joey Bada$$ performs.
2,125,04/04/17,http://www.imdb.com/title/tt6706026/,Louis CK/Ernie Johnson Jr./Father John Misty,Comic Louis C.K. (Louis C.K. 2017 (2017)); sportscaster Ernie Johnson; Father John Misty performs.
2,126,04/05/17,http://www.imdb.com/title/tt6706022/,Sigourney Weaver/Jon Favreau/Jon Lovett/Tommy Vietor/Steve Martin/Neal Schon,"Actress Sigourney Weaver (The Defenders (2017) and The Assignment (2016)); podcast hosts Jon Favreau, Jon Lovett and Tommy Vietor; special appearance by Steve Martin; Neal Schon sits in with Jonathan Batiste and Stay Human."
2,127,04/06/17,http://www.imdb.com/title/tt6748876/,Jessica Lange/Bassem Youssef/Judy Gold (II),"The interviews from The Late Show with Stephen Colbert: Jessica Lange/Bassem Youssef/Judy Gold (2017) are rebroadcast, with a new show opening and monologue."
2,128,04/07/17,http://www.imdb.com/title/tt6753646/,Mandy Patinkin/Zosia Mamet/Jerrod Carmichael,Actor Mandy Patinkin (Smurfs: The Lost Village (2017)); actress Zosia Mamet (Girls (2012)); actor Jerrod Carmichael (The Carmichael Show (2015)).
2,129,04/17/17,http://www.imdb.com/title/tt6753654/,Jennifer Hudson/Chris Hayes/Christian Borle,"Actress Jennifer Hudson (Sandy Wexler (2017)); journalist Chris Hayes; actor Christian Borle (Broadway's ""Charlie and the Chocolate Factory"")."
2,130,04/18/17,http://www.imdb.com/title/tt6768846/,Alec Baldwin/Charlamagne Tha God/Moshe Kasher/Taj Mahal/Keb' Mo',Actor Alec Baldwin; radio host Charlamagne Tha God; comic Moshe Kasher; Taj Mahal and Keb' Mo' sit in with Jonathan Batiste and Stay Human.
2,131,04/19/17,http://www.imdb.com/title/tt6768848/,Rose Byrne/Lewis Black/P.J. Harvey,Actress Rose Byrne (The Immortal Life of Henrietta Lacks (2017)); actor Lewis Black (Imitation Girl (2017)); PJ Harvey performs.
2,132,04/20/17,http://www.imdb.com/title/tt6768852/,Elisabeth Moss/Anthony Atamanuik/Sheryl Crow,Actress Elisabeth Moss (The Handmaid's Tale (2017)); comic Anthony Atamanuik; Sheryl Crow performs.
2,133,04/21/17,http://www.imdb.com/title/tt6768854/,Rosario Dawson/Renee Elise Goldsberry/Moshe Kasher,Actress Rosario Dawson (Unforgettable (2017)); actress Renée Elise Goldsberry (The Immortal Life of Henrietta Lacks (2017)); comic Moshe Kasher performs.
2,134,04/24/17,http://www.imdb.com/title/tt6806994/,Allison Janney/Sheryl Sandberg/Marty Stuart,Actress Allison Janney (Mom (2013)); Facebook COO Sheryl Sandberg; Marty Stuart performs.
2,135,04/25/17,http://www.imdb.com/title/tt6806998/,John Legend/Kelly Osbourne/Dr. John,John Legend performs; TV personality Kelly Osbourne; Dr. John sits in with Jonathan Batiste and Stay Human.
2,136,04/26/17,http://www.imdb.com/title/tt6806996/,America Ferrera/Thomas Middleditch/Dave & Virginia Grohl/Preservation Hall Band,Actress America Ferrera (Superstore (2015)); actor Thomas Middleditch (Silicon Valley (2014)); musician Dave Grohl and author Virginia Grohl; Preservation Hall Jazz Band sits in with Jonathan Batiste and Stay Human.
2,137,04/27/17,http://www.imdb.com/title/tt6807000/,LL Cool J/Phillipa Soo/Gorillaz,"Actor LL Cool J (NCIS: Los Angeles (2009)); actress Phillipa Soo (Broadway's ""Amelie""); Gorillaz perform."
2,138,04/28/17,http://www.imdb.com/title/tt6807006/,Tom Hanks/Anna Baryshnikov,Actor Tom Hanks (The Circle (2017)); actress Anna Baryshnikov (Superior Donuts (2017) and Manchester by the Sea (2016)).
2,139,05/01/17,http://www.imdb.com/title/tt6820314/,Chris Pratt/Neil DeGrasse Tyson/Ryan Adams,Actor Chris Pratt (Guardians of the Galaxy Vol. 2 (2017)); astrophysicist Dr. Neil deGrasse Tyson; Ryan Adams performs.
2,140,05/02/17,http://www.imdb.com/title/tt6820316/,Amy Schumer/Gabourey Sidibe,Actress Amy Schumer (Snatched (2017)); actress Gabourey Sidibe (Empire (2015)).
2,141,05/03/17,http://www.imdb.com/title/tt6820320/,Jim Parsons/Jeff Garlin/Paul Scheer,Actor Jim Parsons (The Big Bang Theory (2007)); actor Jeff Garlin (Handsome: A Netflix Mystery Movie (2017) and The Goldbergs (2013)); actor Paul Scheer (Fresh Off the Boat (2015)).
2,142,05/04/17,http://www.imdb.com/title/tt6820322/,Charles Barkley/Debra Winger,Retired professional basketball player Charles Barkley; actress Debra Winger (The Lovers (2017)).
2,143,05/05/17,http://www.imdb.com/title/tt6820318/,Richard Gere/Maria Bamford/Perfume Genius,Actor Richard Gere (The Dinner (2017)); comic Maria Bamford; Perfume Genius perform.
2,144,05/08/17,http://www.imdb.com/title/tt6846076/,Rami Malek/Bill Nye/Roger Waters,Actor Rami Malek (Mr. Robot (2015)); scientist Bill Nye (Bill Nye Saves the World (2017)); Roger Waters performs.
2,145,05/09/17,http://www.imdb.com/title/tt6846082/,Jon Stewart/Samantha Bee/John Oliver/Ed Helms/Rob Corddry,Comic Jon Stewart; TV hostess Samantha Bee (Full Frontal with Samantha Bee (2016)); TV host John Oliver (Last Week Tonight with John Oliver (2014)); actor Ed Helms (Captain Underpants: The First Epic Movie (2017)); actor Rob Corddry (How to Be a Latin Lover (2017)).
2,146,05/10/17,http://www.imdb.com/title/tt6846084/,Nick Offerman/Megan Mullally/Aaron Taylor Johnson/Dave Matthews/Tim Reynolds,Actors Nick Offerman and Megan Mullally (Infinity Baby (2017)); actor Aaron Taylor-Johnson (The Wall (2017)); Dave Matthews and Tim Reynolds perform.
2,147,05/11/17,http://www.imdb.com/title/tt6846086/,Mayim Bialik/Andy Karl/Ramy Youssef,"Actress Mayim Bialik (The Big Bang Theory (2007)); actor Andy Karl (""Law and Order: Special Victims Unit"" (1999)); comic Ramy Youssef performs."
2,148,05/12/17,http://www.imdb.com/title/tt6846088/,Tracy Morgan/Timothy Simons/Dan Auerbach,Actor Tracy Morgan (The Clapper (2017)); actor Timothy Simons (Veep (2012)); Dan Auerbach performs.
2,149,05/15/17,http://www.imdb.com/title/tt6870114/,Danny McBride/Jane Krakowski/Metallica,Actor Danny McBride (Alien: Covenant (2017)); actress Jane Krakowski (Unbreakable Kimmy Schmidt (2015)); Metallica perform.
2,150,05/16/17,http://www.imdb.com/title/tt6870118/,Brad Pitt/Gina Rodriguez/Ben Falcone/Jesus and Mary Chain,"Actor Brad Pitt (War Machine (2017)); actress Gina Rodriguez (Jane the Virgin (2014)); actor Ben Falcone (book, ""Being a Dad Is Weird""); ""Jesus and Mary Chain"" perform."
2,151,05/17/17,http://www.imdb.com/title/tt6870120/,Julie Chen/Matt Walsh/David Ortiz,Talk show hostess Julie Chen (The Talk (2010)); actor Matt Walsh (Veep (2012)); former professional baseball player David Ortiz.
2,152,05/18/17,http://www.imdb.com/title/tt6870122/,Ricky Gervais/Corey Hawkins/The xx,Actor Ricky Gervais (Child Support (2017)); actor Corey Hawkins (24: Legacy (2016)); The xx perform.
2,153,05/19/17,http://www.imdb.com/title/tt6870124/,Jennifer Garner/Demetri Martin/Paula Poundstone,Actress Jennifer Garner (Wakefield (2016)); actor Demetri Martin (We Bare Bears (2014)); comic Paula Poundstone performs.
2,154,05/22/17,http://www.imdb.com/title/tt6892856/,Rachel Maddow/Ben Platt,TV hostess Rachel Maddow (The Rachel Maddow Show (2008)); Ben Platt performs.
2,155,05/23/17,http://www.imdb.com/title/tt6892860/,Kevin Spacey/Terry Crews/Rob Huebel,Actor Kevin Spacey (House of Cards (2013)); actor Terry Crews (Brooklyn Nine-Nine (2013)); actor Rob Huebel (Baywatch (2017)).
2,156,05/24/17,http://www.imdb.com/title/tt6892862/,Robin Wright/Hannibal Buress/Paul Simon/Bill Frisell,Actress Robin Wright (Wonder Woman (2017) and House of Cards (2013)); comic Hannibal Buress (Baywatch (2017)); Paul Simon performs with Bill Frisell.
2,157,05/25/17,http://www.imdb.com/title/tt6892864/,Oscar Isaac/Laurie Metcalf/April Ryan,Actor Oscar Isaac (Star Wars: Episode VIII - The Last Jedi (2017)); actress Laurie Metcalf; journalist April Ryan.
2,158,05/26/17,http://www.imdb.com/title/tt6892866/,Gordon Ramsay/David Sedaris/Pixies,TV personality Gordon Ramsay (The F Word (2017)); author David Sedaris; Pixies perform.
2,159,06/05/17,http://www.imdb.com/title/tt6923530/,Kevin Hart/Ali Wentworth/The War on Drugs,Comic Kevin Hart (Captain Underpants: The First Epic Movie (2017)); actress Alexandra Wentworth (Nightcap (2016)); The War on Drugs perform.
2,160,06/06/17,http://www.imdb.com/title/tt6953000/,Salma Hayek/Hasan Minhaj/Feist,Actress Salma Hayek (Beatriz at Dinner (2017)); comic Hasan Minhaj; Leslie Feist performs.
2,161,06/07/17,http://www.imdb.com/title/tt6953002/,Tilda Swinton/Andy Cohen/Jordan Klepper,Actress Tilda Swinton (Okja (2017) and War Machine (2017)); TV personality Andy Cohen (Love Connection (2017)); comic Jordan Klepper performs.
2,162,06/08/17,http://www.imdb.com/title/tt6953004/,John Mulaney/Richard Branson/Halsey,"Actor John Mulaney (""Oh, Hello on Broadway"" (2017) (TV)); businessman Richard Branson; Halsey performs."
2,163,06/09/17,http://www.imdb.com/title/tt6953006/,Jim Gaffigan/Anna Chlumsky/Louie Anderson,Comic Jim Gaffigan (The Jim Gaffigan Show (2015)); actress Anna Chlumsky (Veep (2012)); comic Louie Anderson performs.
2,164,06/12/17,http://www.imdb.com/title/tt7000208/,Uzo Aduba/T.J. Miller/Oliver Stone,Actress Uzo Aduba (Orange Is the New Black (2013)); actor T.J. Miller (Silicon Valley (2014)); filmmaker Oliver Stone (The Putin Interviews (2017)).
2,165,06/13/17,http://www.imdb.com/title/tt7000210/,Olivia Wilde/Eddie Izzard/Nick Cave,"Actress Olivia Wilde (Broadway's ""1984"" and A Vigilante (2018)); comic Eddie Izzard (Whisky Galore (2016) and Victoria & Abdul (2017)); Nick Cave performs."
2,166,06/14/17,http://www.imdb.com/title/tt7000214/,Trevor Noah/Ilana Glazer/Sam Richardson,TV host Trevor Noah (The Daily Show (1996)); actress Ilana Glazer (Rough Night (2017) and Broad City (2014)); actor Sam Richardson (The House (2017) and Veep (2012)).
2,167,06/15/17,http://www.imdb.com/title/tt7000216/,Milo Ventimiglia/Judy Greer/Keith Alberstadt,Actor Milo Ventimiglia (Sandy Wexler (2017) and This Is Us (2016)); actress Judy Greer (War for the Planet of the Apes (2017)); comic Keith Alberstadt performs.
2,168,06/16/17,http://www.imdb.com/title/tt7000220/,Scarlett Johansson/Bill Burr/Fleet Foxes,Actress Scarlett Johansson (Rough Night (2017)); comic Bill Burr (F Is for Family (2015)); Fleet Foxes perform.
2,169,06/19/17,http://www.imdb.com/title/tt7013550/,Seth Rogen/Kumail Nanjiani/Paul Shaffer & the World's Most Dangerous Band,Actor Seth Rogen (Friends from College (2017) and The Disaster Artist (2017)); actor Kumail Nanjiani (Silicon Valley (2014) and The LEGO Ninjago Movie (2017)); Paul Shaffer and the World's Most Dangerous Band perform.
2,170,06/20/17,http://www.imdb.com/title/tt7013534/,Ice Cube/Marc Maron/Jason Isbell and the 400 Unit,Rapper Ice Cube; comic Marc Maron; Jason Isbell and The 400 Unit perform.
2,171,06/21/17,http://www.imdb.com/title/tt7013538/,Jeffrey Tambor/John Benjamin Hickey/Lake Street Dive,"Actor/author Jeffrey Tambor (Transparent (2014) and memoir, ""Are You Anybody?""); actor John Benjamin Hickey (Forever My Girl (2018)); Lake Street Dive perform."
2,172,06/26/17,http://www.imdb.com/title/tt7037862/,Michael Keaton/Zoe Kazan/Tom Shillue,Actor Michael Keaton (Spider-Man: Homecoming (2017)); actress Zoe Kazan (The Big Sick (2017)); comic Tom Shillue.
2,173,06/27/17,http://www.imdb.com/title/tt7037868/,Eric Stonestreet/John McEnroe/Lillie Mae,Actor Eric Stonestreet (Modern Family (2009)); retired tennis player John McEnroe; Lillie Mae Rische performs.
2,174,06/28/17,http://www.imdb.com/title/tt7037864/,Josh Duhamel/Justin Bartha/Brian Greene,Actor Josh Duhamel (Transformers: The Last Knight (2017)); actor Justin Bartha (The Good Fight (2017)); physicist Brian Greene.
2,175,06/29/17,http://www.imdb.com/title/tt7037872/,Naomi Watts/Ari Graynor/Swet Shop Boys,Actress Naomi Watts (The Book of Henry (2017)); actress Ari Graynor (I'm Dying Up Here (2017)); hip-hop group Swet Shop Boys perform.
2,176,06/30/17,http://www.imdb.com/title/tt7078790/,Michael Keaton/John McEnroe,Stephen's take on the news of the day.
2,177,07/10/17,http://www.imdb.com/title/tt7078804/,Woody Harrelson/Cobie Smulders/Emmylou Harris and Her Red Dirt Boys,Actor Woody Harrelson (War for the Planet of the Apes (2017)); actress Cobie Smulders (Friends from College (2017) and Killing Gunther (2017)); Emmylou Harris and Her Red Dirt Boys perform.
2,178,07/11/17,http://www.imdb.com/title/tt7119362/,Joe Scarborough/Mika Brzezinski/Andy Serkis,TV hosts Joe Scarborough and Mika Brzezinski (Morning Joe (2007)); actor Andy Serkis (War for the Planet of the Apes (2017)); Joe Scarborough performs.
2,179,07/12/17,http://www.imdb.com/title/tt7119364/,John Oliver/Mike Birbiglia/Michael Showalter,TV host John Oliver (Last Week Tonight with John Oliver (2014)); comic Mike Birbiglia; actor Michael Showalter (Wet Hot American Summer: Ten Years Later (2017)).
2,180,07/13/17,http://www.imdb.com/title/tt7119370/,Ashton Kutcher/Rob Corddry/The New Pornographers,Actor Ashton Kutcher (The Ranch (2016)); actor Rob Corddry (Shimmer Lake (2017)); The New Pornographers perform.
2,181,07/14/17,http://www.imdb.com/title/tt7125898/,John Oliver/Woody Harrelson/Emmylou Harris,Stephen's take on the news of the day; comic John Oliver (Last Week Tonight with John Oliver (2014)); actor Woody Harrelson (The Glass Castle (2017)); Emmylou Harris performs.
2,182,07/17/17,http://www.imdb.com/title/tt7144012/,Al Gore/Issa Rae/Planetarium,"Former Vice President Al Gore; actress Issa Rae (Insecure (2016)); Sufjan Stevens, Nico Muhly, Bryce Dessner and James McAlister perform."
2,183,07/18/17,http://www.imdb.com/title/tt7144014/,Keegan-Michael Key/Cillian Murphy/Matteo Lane,Actor Keegan-Michael Key (Friends from College (2017)); actor Cillian Murphy (Dunkirk (2017)); comic Matteo Lane.
2,184,07/19/17,http://www.imdb.com/title/tt7144016/,James McAvoy/Matteo Lane,Actor James McAvoy (Atomic Blonde (2017)); Matteo Lane performs stand-up.
2,185,07/20/17,http://www.imdb.com/title/tt7144020/,Jason Bateman/Muse,Actor Jason Bateman (Ozark (2017)); Muse performs.
2,186,07/21/17,http://www.imdb.com/title/tt7160936/,Kenneth Branagh/Cara Delevingne,Stephen's take on the news of the day; actor Kenneth Branagh (Dunkirk (2017) and Murder on the Orient Express (2017)); actress Cara Delevingne (Valerian and the City of a Thousand Planets (2017)).
2,187,07/24/17,http://www.imdb.com/title/tt7161178/,"Paul Bettany/Laura Benanti/Tyler, the Creator",Actor Paul Bettany (Manhunt: Unabomber (2017)); actress Laura Benanti (The Detour (2016)); Tyler the Creator performs.
2,188,07/25/17,http://www.imdb.com/title/tt7161184/,Charlie Rose/Jessica Williams/Max Brooks,TV host Charlie Rose (CBS This Morning (1992)); actress Jessica Williams (The Incredible Jessica James (2017)); author Max Brooks.
2,189,07/26/17,http://www.imdb.com/title/tt7161186/,Michael Moore/Sutton Foster/6LACK,Filmmaker Michael Moore (Michael Moore in TrumpLand (2016)); actress Sutton Foster (Younger (2015)); 6lack performs.
2,190,07/27/17,http://www.imdb.com/title/tt7161188/,Samantha Bee/Gillian Jacobs/Spoon,TV hostess Samantha Bee (Full Frontal with Samantha Bee (2016)); actress Gillian Jacobs (Love (2016)); Spoon perform.
2,191,07/28/17,http://www.imdb.com/title/tt7174380/,Charlie Rose/Jessica Williams,Stephen's take on the news of the day; TV host Charlie Rose (Charlie Rose (1991) and CBS This Morning (1992)); actress Jessica Williams (The Incredible Jessica James (2017)).
2,192,07/31/17,http://www.imdb.com/title/tt7178390/,Matthew McConaughey/Vanessa Bayer,Actor Matthew McConaughey (The Dark Tower (2017)); actress Vanessa Bayer (Saturday Night Live (1975)).
2,193,08/01/17,http://www.imdb.com/title/tt7178392/,Senator Al Franken/Adam Conover/Randy Newman,Sen. Al Franken (D-Minn.); comic Adam Conover (Adam Ruins Everything (2015)); Randy Newman performs.
2,194,08/02/17,http://www.imdb.com/title/tt7178394/,Dave Chappelle/James Van Der Beek/Joe Walsh,Comic Dave Chappelle (A Star Is Born (2018)); actor James Van Der Beek (What Would Diplo Do? (2017)); musician Joe Walsh.
2,195,08/03/17,http://www.imdb.com/title/tt7178398/,Anthony Mackie/Elizabeth Olsen/Arcade Fire,Actor Anthony Mackie (Detroit (2017)); actress Elizabeth Olsen (Wind River (2017)); Arcade Fire perform.
2,196,08/04/17,http://www.imdb.com/title/tt7211828/,Trump's Summer Vacation/Senator Al Franken/Joe Walsh,Stephen's take on the news of the day.
2,197,08/07/17,http://www.imdb.com/title/tt7211830/,Laura Dern/Leah Remini/Trombone Shorty,Actress Laura Dern (Twin Peaks (2017) and Star Wars: Episode VIII - The Last Jedi (2017)); actress Leah Remini (Kevin Can Wait (2016)); Trombone Shorty performs.
2,198,08/08/17,http://www.imdb.com/title/tt7211832/,Christoph Waltz/Chris O'Dowd/Sean Evans,Actor Christoph Waltz (Tulip Fever (2017) and Downsizing (2017)); actor Chris O'Dowd (Get Shorty (2017)); YouTube personality Sean Evans.
2,199,08/09/17,http://www.imdb.com/title/tt7211836/,Robert Pattinson/David Tennant/Niecy Nash,Actor Robert Pattinson (Good Time (2017)); actor David Tennant (DuckTales (2017)); Niecy Nash (Downsizing (2017)).
2,200,08/10/17,http://www.imdb.com/title/tt7211834/,Millie Bobby Brown/Jim Jefferies/Zeshan B,Actress Millie Bobby Brown (Stranger Things (2016)); comic Jim Jefferies (The Jim Jefferies Show (2017)); Zeshan B. performs.
2,201,08/11/17,http://www.imdb.com/title/tt7230716/,Trump's Ego-Boosting Folder/Dave Chappelle/Chris O'Dowd,Stephen's take on the news of the day.
2,202,08/14/17,http://www.imdb.com/title/tt7230718/,Anthony Scaramucci/Bob Odenkirk/Liam Gallagher,Former White House Communications Director Anthony Scaramucci; actor Bob Odenkirk (Better Call Saul (2015)); Liam Gallagher performs.
2,203,08/15/17,http://www.imdb.com/title/tt7230720/,Daniel Craig/Tiffany Haddish/Blackberry Smoke,Actor Daniel Craig (Logan Lucky (2017)); actress Tiffany Haddish (The Carmichael Show (2015) and Legends of Chamberlain Heights (2016)); Blackberry Smoke perform.
2,204,08/16/17,http://www.imdb.com/title/tt7230722/,Ellie Kemper/Andrew Dice Clay/Peter Serafinowicz,Actress Ellie Kemper (Unbreakable Kimmy Schmidt (2015)); actor Andrew Dice Clay (Dice (2016) and A Star Is Born (2018)); actor Peter Serafinowicz (The Tick (2017)).
2,205,08/17/17,http://www.imdb.com/title/tt7230724/,John Dickerson/Michael Rapaport/Grizzly Bear,TV host John Dickerson (Face the Nation (1954)); actor Michael Rapaport (Atypical (2017) and White Famous (2017)); Grizzly Bear perform.
2,206,08/18/17,http://www.imdb.com/title/tt7255274/,CEOs Jumping Ship/Anthony Scaramucci/Tiffany Haddish,Stephen's take on the news of the day.
